Order ID,Date,Product,Category,Animal Type,Region,State,Quantity,Unit Price,Sales,Profit
HP10001,2025-08-25,Premium Cat Food,Food,Cat,South,Telangana,7,1263.68,8845.79,2750.32
HP10002,2026-01-27,Pet Bed,Accessories,Dog,West,Goa,6,1828.33,10969.97,4694.98
HP10003,2026-03-03,Pet Bed,Accessories,Dog,West,Gujarat,5,2044.39,10221.96,4995.72
HP10004,2026-04-30,Interactive Cat Toy,Toys,Cat,East,West Bengal,1,636.19,636.19,272.4
HP10005,2025-02-07,Premium Cat Food,Food,Cat,South,Telangana,7,1302.05,9114.36,2674.06
HP10006,2025-09-29,Pet Shampoo,Grooming,Dog,South,Karnataka,1,573.99,573.99,229.01
HP10007,2025-08-13,Flea & Tick Care,Healthcare,Dog,West,Goa,3,1036.46,3109.39,1433.48
HP10008,2026-01-10,Pet Shampoo,Grooming,Dog,North,Delhi,4,616.63,2466.5,1088.03
HP10009,2025-12-10,Flea & Tick Care,Healthcare,Dog,West,Gujarat,5,1108.76,5543.78,2669.35
HP10010,2026-05-06,Interactive Cat Toy,Toys,Cat,South,Telangana,3,655.6,1966.8,917.93
HP10011,2026-03-12,Pet Shampoo,Grooming,Dog,North,Delhi,6,661.81,3970.84,1897.36
HP10012,2025-10-04,Cat Treats,Treats,Cat,South,Telangana,4,379.01,1516.05,605.04
HP10013,2026-04-12,Interactive Cat Toy,Toys,Cat,South,Telangana,4,664.01,2656.03,1200.52
HP10014,2026-03-11,Pet Bed,Accessories,Dog,East,Odisha,3,1548.33,4645.0,1510.95
HP10015,2026-06-26,Flea & Tick Care,Healthcare,Dog,South,Karnataka,6,919.52,5517.1,2275.82
HP10016,2025-08-26,Cat Litter,Hygiene,Cat,South,Karnataka,5,741.71,3708.53,1560.84
HP10017,2025-08-17,Flea & Tick Care,Healthcare,Dog,South,Tamil Nadu,6,909.23,5455.35,2223.65
HP10018,2026-01-16,Premium Cat Food,Food,Cat,West,Maharashtra,4,1276.83,5107.34,1507.04
HP10019,2025-09-28,Flea & Tick Care,Healthcare,Dog,East,West Bengal,4,894.05,3576.2,1371.77
HP10020,2026-06-08,Grooming Kit,Grooming,Dog,South,Tamil Nadu,1,828.09,828.09,309.62
HP10021,2025-09-07,Chew Toy,Toys,Dog,East,Bihar,2,549.9,1099.79,486.41
HP10022,2026-02-07,Cat Treats,Treats,Cat,South,Telangana,2,348.35,696.7,211.56
HP10023,2026-01-30,Premium Cat Food,Food,Cat,North,Punjab,3,1316.48,3949.43,1319.25
HP10024,2025-09-27,Interactive Cat Toy,Toys,Cat,West,Goa,6,694.37,4166.24,1984.24
HP10025,2025-12-10,Premium Cat Food,Food,Cat,East,Odisha,1,1238.59,1238.59,371.59
HP10026,2025-12-27,Puppy Treats,Treats,Dog,South,Tamil Nadu,2,416.32,832.64,308.99
HP10027,2026-06-25,Pet Shampoo,Grooming,Dog,West,Maharashtra,5,653.19,3265.97,1553.61
HP10028,2025-08-17,Cat Treats,Treats,Cat,West,Maharashtra,4,428.97,1715.86,807.24
HP10029,2025-08-29,Cat Treats,Treats,Cat,South,Tamil Nadu,7,376.67,2636.72,995.21
HP10030,2025-10-25,Pet Shampoo,Grooming,Dog,South,Karnataka,4,649.79,2599.18,1291.23
HP10031,2025-10-24,Chew Toy,Toys,Dog,West,Goa,1,647.07,647.07,356.46
HP10032,2025-05-14,Cat Scratching Post,Accessories,Cat,South,Telangana,5,1675.73,8378.64,3526.55
HP10033,2026-06-17,Cat Treats,Treats,Cat,West,Maharashtra,2,380.02,760.05,287.99
HP10034,2025-09-09,Pet Bed,Accessories,Dog,West,Gujarat,6,1887.12,11322.74,4794.48
HP10035,2026-05-10,Cat Scratching Post,Accessories,Cat,East,West Bengal,2,1641.56,3283.11,1434.09
HP10036,2026-06-14,Pet Bed,Accessories,Dog,South,Karnataka,7,1874.55,13121.83,5625.65
HP10037,2025-03-05,Cat Litter,Hygiene,Cat,West,Goa,4,786.14,3144.58,1428.02
HP10038,2026-04-29,Chew Toy,Toys,Dog,South,Tamil Nadu,1,560.28,560.28,265.98
HP10039,2025-01-18,Premium Dog Food,Food,Dog,North,Haryana,1,1587.89,1587.89,567.01
HP10040,2026-01-29,Grooming Kit,Grooming,Dog,East,West Bengal,7,796.35,5574.43,2127.54
HP10041,2025-09-30,Flea & Tick Care,Healthcare,Dog,West,Goa,4,998.1,3992.38,1839.49
HP10042,2025-01-10,Puppy Treats,Treats,Dog,North,Delhi,5,410.37,2051.85,751.19
HP10043,2025-08-16,Flea & Tick Care,Healthcare,Dog,East,Bihar,2,955.75,1911.5,772.2
HP10044,2025-08-25,Premium Cat Food,Food,Cat,North,Haryana,1,1388.93,1388.93,496.31
HP10045,2025-10-05,Flea & Tick Care,Healthcare,Dog,South,Karnataka,5,1112.85,5564.23,2812.07
HP10046,2025-11-22,Flea & Tick Care,Healthcare,Dog,North,Haryana,4,1124.33,4497.33,2327.95
HP10047,2025-01-04,Grooming Kit,Grooming,Dog,South,Karnataka,7,895.55,6268.87,2647.63
HP10048,2025-12-13,Grooming Kit,Grooming,Dog,South,Telangana,6,879.07,5274.44,2368.25
HP10049,2025-09-10,Cat Treats,Treats,Cat,West,Goa,2,412.42,824.84,350.85
HP10050,2025-06-08,Flea & Tick Care,Healthcare,Dog,East,Bihar,3,893.05,2679.16,1009.12
HP10051,2025-05-30,Premium Cat Food,Food,Cat,West,Gujarat,4,1295.53,5182.13,1657.97
HP10052,2026-06-08,Flea & Tick Care,Healthcare,Dog,West,Goa,1,985.0,985.0,420.77
HP10053,2025-06-24,Chew Toy,Toys,Dog,West,Maharashtra,3,560.15,1680.46,750.15
HP10054,2025-11-12,Cat Scratching Post,Accessories,Cat,South,Karnataka,2,1638.92,3277.84,1450.63
HP10055,2026-03-30,Grooming Kit,Grooming,Dog,North,Delhi,1,949.65,949.65,442.42
HP10056,2026-06-22,Pet Shampoo,Grooming,Dog,South,Tamil Nadu,4,644.06,2576.23,1178.02
HP10057,2026-05-01,Pet Bed,Accessories,Dog,North,Delhi,2,1796.94,3593.87,1481.91
HP10058,2025-01-04,Flea & Tick Care,Healthcare,Dog,North,Punjab,3,1023.07,3069.22,1442.76
HP10059,2025-08-09,Premium Cat Food,Food,Cat,North,Haryana,7,1216.62,8516.31,2043.15
HP10060,2025-06-25,Pet Shampoo,Grooming,Dog,West,Goa,6,699.54,4197.25,2134.0
HP10061,2026-03-28,Cat Scratching Post,Accessories,Cat,North,Haryana,4,1719.91,6879.62,2970.92
HP10062,2026-01-10,Cat Litter,Hygiene,Cat,South,Tamil Nadu,5,707.54,3537.68,1498.2
HP10063,2025-11-26,Interactive Cat Toy,Toys,Cat,South,Tamil Nadu,2,673.38,1346.75,634.45
HP10064,2025-04-10,Grooming Kit,Grooming,Dog,South,Karnataka,5,853.34,4266.68,1676.9
HP10065,2026-02-25,Grooming Kit,Grooming,Dog,South,Telangana,3,887.0,2661.0,1119.17
HP10066,2025-10-29,Interactive Cat Toy,Toys,Cat,West,Gujarat,4,774.28,3097.13,1681.54
HP10067,2025-11-23,Puppy Treats,Treats,Dog,North,Haryana,5,498.97,2494.85,1233.11
HP10068,2025-12-06,Flea & Tick Care,Healthcare,Dog,North,Punjab,6,1027.56,6165.35,2688.17
HP10069,2025-04-03,Grooming Kit,Grooming,Dog,West,Maharashtra,6,986.57,5919.42,2851.59
HP10070,2025-02-19,Flea & Tick Care,Healthcare,Dog,West,Goa,2,1073.65,2147.31,1063.59
HP10071,2025-03-12,Pet Bed,Accessories,Dog,North,Punjab,4,1893.69,7574.78,3386.21
HP10072,2026-05-18,Grooming Kit,Grooming,Dog,West,Gujarat,6,970.78,5824.68,2800.78
HP10073,2026-03-06,Premium Cat Food,Food,Cat,North,Haryana,1,1214.24,1214.24,302.88
HP10074,2025-04-24,Grooming Kit,Grooming,Dog,West,Gujarat,5,946.13,4730.64,2150.96
HP10075,2026-03-11,Pet Shampoo,Grooming,Dog,South,Telangana,3,589.56,1768.68,776.62
HP10076,2025-10-31,Flea & Tick Care,Healthcare,Dog,West,Maharashtra,4,1121.73,4486.93,2205.77
HP10077,2025-07-16,Puppy Treats,Treats,Dog,West,Gujarat,6,452.1,2712.62,1168.05
HP10078,2026-04-08,Cat Scratching Post,Accessories,Cat,East,Bihar,7,1440.83,10085.8,3249.32
HP10079,2025-09-19,Cat Litter,Hygiene,Cat,North,Punjab,5,803.22,4016.12,1998.06
HP10080,2025-08-24,Premium Cat Food,Food,Cat,West,Gujarat,3,1341.05,4023.14,1335.6
HP10081,2026-02-08,Premium Dog Food,Food,Dog,West,Maharashtra,6,1468.43,8810.57,2260.07
HP10082,2026-03-01,Premium Dog Food,Food,Dog,South,Telangana,6,1331.52,7989.09,1437.54
HP10083,2025-12-07,Premium Dog Food,Food,Dog,East,Odisha,1,1548.9,1548.9,538.46
HP10084,2026-04-12,Puppy Treats,Treats,Dog,North,Delhi,6,415.71,2494.25,883.0
HP10085,2025-01-03,Cat Treats,Treats,Cat,North,Punjab,1,366.85,366.85,129.86
HP10086,2025-06-07,Flea & Tick Care,Healthcare,Dog,North,Haryana,6,947.0,5681.98,2241.08
HP10087,2026-04-07,Flea & Tick Care,Healthcare,Dog,West,Goa,5,1115.63,5578.17,2881.18
HP10088,2026-01-16,Interactive Cat Toy,Toys,Cat,North,Delhi,4,702.52,2810.08,1355.1
HP10089,2026-03-21,Premium Cat Food,Food,Cat,North,Haryana,6,1236.15,7416.92,2115.95
HP10090,2026-02-14,Premium Cat Food,Food,Cat,West,Goa,5,1253.77,6268.86,1726.99
HP10091,2025-09-08,Premium Dog Food,Food,Dog,West,Maharashtra,5,1484.1,7420.49,2341.97
HP10092,2025-11-20,Pet Shampoo,Grooming,Dog,West,Maharashtra,4,756.04,3024.15,1649.31
HP10093,2025-05-16,Cat Litter,Hygiene,Cat,North,Punjab,7,755.21,5286.45,2328.1
HP10094,2025-08-30,Pet Bed,Accessories,Dog,East,Bihar,7,1579.84,11058.87,3703.95
HP10095,2025-03-12,Grooming Kit,Grooming,Dog,South,Tamil Nadu,1,830.36,830.36,339.24
HP10096,2026-03-05,Premium Cat Food,Food,Cat,South,Karnataka,5,1251.39,6256.94,1788.68
HP10097,2026-06-03,Premium Cat Food,Food,Cat,North,Punjab,5,1261.94,6309.72,1976.74
HP10098,2025-03-22,Cat Treats,Treats,Cat,South,Tamil Nadu,2,376.72,753.43,280.96
HP10099,2025-11-17,Cat Scratching Post,Accessories,Cat,East,Bihar,5,1608.53,8042.64,3183.41
HP10100,2025-10-17,Chew Toy,Toys,Dog,South,Tamil Nadu,5,569.14,2845.71,1344.18
HP10101,2025-03-12,Pet Shampoo,Grooming,Dog,West,Goa,7,669.99,4689.92,2306.06
HP10102,2025-10-11,Cat Treats,Treats,Cat,South,Telangana,6,401.82,2410.89,1044.22
HP10103,2026-03-25,Premium Dog Food,Food,Dog,West,Maharashtra,1,1511.03,1511.03,474.96
HP10104,2025-02-06,Interactive Cat Toy,Toys,Cat,South,Karnataka,6,587.54,3525.22,1308.68
HP10105,2026-01-23,Grooming Kit,Grooming,Dog,South,Telangana,2,896.23,1792.46,822.89
HP10106,2025-02-11,Pet Bed,Accessories,Dog,West,Gujarat,7,2028.64,14200.45,6961.6
HP10107,2026-02-16,Pet Shampoo,Grooming,Dog,East,Bihar,3,589.6,1768.79,788.72
HP10108,2025-09-12,Grooming Kit,Grooming,Dog,East,West Bengal,2,792.26,1584.52,557.61
HP10109,2025-04-20,Flea & Tick Care,Healthcare,Dog,East,Bihar,6,982.9,5897.4,2633.74
HP10110,2025-06-29,Pet Bed,Accessories,Dog,South,Tamil Nadu,1,1836.06,1836.06,791.63
HP10111,2025-06-17,Interactive Cat Toy,Toys,Cat,North,Punjab,2,720.03,1440.06,746.29
HP10112,2025-04-17,Cat Scratching Post,Accessories,Cat,South,Karnataka,4,1639.37,6557.46,2759.5
HP10113,2026-04-04,Premium Dog Food,Food,Dog,North,Delhi,6,1541.2,9247.18,2872.01
HP10114,2025-12-02,Chew Toy,Toys,Dog,West,Goa,1,627.83,627.83,326.88
HP10115,2025-06-30,Cat Litter,Hygiene,Cat,West,Gujarat,4,844.81,3379.26,1651.95
HP10116,2025-06-16,Chew Toy,Toys,Dog,West,Gujarat,5,627.29,3136.45,1655.58
HP10117,2025-10-10,Pet Bed,Accessories,Dog,East,Odisha,1,1778.57,1778.57,693.52
HP10118,2025-01-05,Cat Scratching Post,Accessories,Cat,North,Punjab,3,1631.33,4893.98,2152.32
HP10119,2025-08-18,Cat Scratching Post,Accessories,Cat,South,Telangana,3,1642.48,4927.43,2189.77
HP10120,2025-10-15,Chew Toy,Toys,Dog,East,West Bengal,5,595.01,2975.03,1460.58
HP10121,2025-12-22,Cat Litter,Hygiene,Cat,West,Gujarat,7,905.69,6339.83,3290.89
HP10122,2025-02-10,Cat Scratching Post,Accessories,Cat,West,Goa,1,1848.27,1848.27,902.82
HP10123,2025-08-16,Cat Scratching Post,Accessories,Cat,East,Odisha,7,1653.47,11574.32,5036.98
HP10124,2025-12-14,Pet Shampoo,Grooming,Dog,West,Goa,3,679.65,2038.94,1056.4
HP10125,2026-04-23,Pet Bed,Accessories,Dog,South,Telangana,7,1754.11,12278.8,4647.78
HP10126,2025-12-21,Puppy Treats,Treats,Dog,West,Gujarat,1,494.24,494.24,227.95
HP10127,2025-05-11,Cat Treats,Treats,Cat,West,Goa,1,402.04,402.04,175.53
HP10128,2026-02-21,Chew Toy,Toys,Dog,East,West Bengal,5,533.9,2669.51,1125.65
HP10129,2025-07-28,Grooming Kit,Grooming,Dog,West,Goa,1,930.71,930.71,425.84
HP10130,2026-06-04,Puppy Treats,Treats,Dog,North,Haryana,4,449.19,1796.76,795.9
HP10131,2025-11-30,Pet Shampoo,Grooming,Dog,West,Gujarat,5,692.81,3464.07,1716.09
HP10132,2026-05-08,Pet Bed,Accessories,Dog,West,Gujarat,3,1972.09,5916.28,2792.25
HP10133,2026-04-19,Premium Cat Food,Food,Cat,West,Maharashtra,2,1260.32,2520.64,743.4
HP10134,2025-10-19,Interactive Cat Toy,Toys,Cat,West,Goa,7,733.46,5134.2,2632.76
HP10135,2025-04-12,Pet Bed,Accessories,Dog,East,West Bengal,7,1727.8,12094.63,4688.64
HP10136,2025-04-30,Premium Dog Food,Food,Dog,West,Gujarat,4,1474.39,5897.55,1742.78
HP10137,2025-10-30,Premium Dog Food,Food,Dog,North,Delhi,1,1616.47,1616.47,555.16
HP10138,2026-04-30,Cat Litter,Hygiene,Cat,South,Tamil Nadu,7,764.63,5352.42,2402.81
HP10139,2025-07-30,Flea & Tick Care,Healthcare,Dog,West,Maharashtra,2,1028.82,2057.65,900.99
HP10140,2025-04-28,Cat Treats,Treats,Cat,West,Gujarat,5,420.48,2102.38,946.24
HP10141,2025-04-07,Cat Litter,Hygiene,Cat,South,Karnataka,2,779.02,1558.04,732.6
HP10142,2025-11-16,Premium Dog Food,Food,Dog,West,Gujarat,6,1674.61,10047.64,3759.61
HP10143,2025-05-20,Flea & Tick Care,Healthcare,Dog,East,Bihar,6,970.1,5820.61,2383.31
HP10144,2025-06-24,Interactive Cat Toy,Toys,Cat,East,West Bengal,1,619.29,619.29,246.18
HP10145,2025-03-18,Pet Shampoo,Grooming,Dog,South,Tamil Nadu,1,652.3,652.3,323.1
HP10146,2025-11-09,Cat Treats,Treats,Cat,North,Delhi,1,423.75,423.75,188.45
HP10147,2026-04-11,Pet Shampoo,Grooming,Dog,North,Delhi,1,632.88,632.88,304.84
HP10148,2026-06-18,Cat Litter,Hygiene,Cat,North,Haryana,3,766.79,2300.36,1048.77
HP10149,2025-08-15,Premium Cat Food,Food,Cat,North,Delhi,7,1196.26,8373.8,2069.68
HP10150,2025-08-12,Cat Treats,Treats,Cat,South,Tamil Nadu,4,389.12,1556.47,590.81
HP10151,2025-11-23,Pet Bed,Accessories,Dog,South,Karnataka,2,1898.98,3797.96,1667.18
HP10152,2025-05-15,Chew Toy,Toys,Dog,South,Karnataka,7,500.07,3500.48,1407.07
HP10153,2025-11-26,Cat Litter,Hygiene,Cat,North,Haryana,1,793.64,793.64,359.56
HP10154,2026-03-22,Premium Cat Food,Food,Cat,North,Delhi,1,1219.01,1219.01,310.36
HP10155,2025-05-06,Interactive Cat Toy,Toys,Cat,East,West Bengal,5,638.3,3191.49,1462.8
HP10156,2025-09-07,Cat Treats,Treats,Cat,East,Bihar,2,368.83,737.67,254.3
HP10157,2025-11-01,Cat Treats,Treats,Cat,West,Maharashtra,4,450.57,1802.27,825.82
HP10158,2025-03-23,Premium Dog Food,Food,Dog,West,Gujarat,3,1640.97,4922.91,1747.53
HP10159,2025-12-14,Cat Treats,Treats,Cat,South,Karnataka,3,375.04,1125.13,446.65
HP10160,2026-01-19,Grooming Kit,Grooming,Dog,North,Punjab,2,969.72,1939.45,922.8
HP10161,2025-03-09,Cat Treats,Treats,Cat,South,Telangana,7,377.99,2645.94,1050.15
HP10162,2025-02-02,Pet Shampoo,Grooming,Dog,East,West Bengal,2,577.27,1154.55,447.79
HP10163,2025-10-30,Cat Treats,Treats,Cat,North,Delhi,7,432.6,3028.17,1432.27
HP10164,2025-08-15,Pet Bed,Accessories,Dog,West,Goa,4,1981.88,7927.53,3803.74
HP10165,2025-03-14,Grooming Kit,Grooming,Dog,East,West Bengal,3,858.91,2576.74,1036.39
HP10166,2025-03-27,Puppy Treats,Treats,Dog,East,West Bengal,2,413.97,827.93,318.18
HP10167,2025-10-14,Cat Scratching Post,Accessories,Cat,East,Odisha,3,1704.36,5113.07,2211.6
HP10168,2026-01-27,Pet Shampoo,Grooming,Dog,West,Gujarat,7,660.95,4626.66,2243.88
HP10169,2025-07-15,Flea & Tick Care,Healthcare,Dog,West,Maharashtra,4,1042.81,4171.26,2004.0
HP10170,2025-03-29,Pet Shampoo,Grooming,Dog,South,Telangana,5,573.51,2867.57,1104.8
HP10171,2026-05-18,Cat Treats,Treats,Cat,North,Delhi,7,421.29,2949.02,1341.9
HP10172,2025-12-18,Chew Toy,Toys,Dog,West,Gujarat,7,629.11,4403.74,2300.88
HP10173,2025-10-19,Premium Cat Food,Food,Cat,West,Goa,6,1474.31,8845.88,3616.69
HP10174,2026-04-16,Pet Shampoo,Grooming,Dog,West,Goa,6,626.73,3760.39,1768.63
HP10175,2025-04-25,Interactive Cat Toy,Toys,Cat,North,Haryana,7,662.71,4638.98,2074.77
HP10176,2025-12-09,Flea & Tick Care,Healthcare,Dog,South,Telangana,3,1055.28,3165.84,1474.95
HP10177,2025-11-11,Chew Toy,Toys,Dog,East,Odisha,7,549.56,3846.92,1797.87
HP10178,2026-02-24,Chew Toy,Toys,Dog,South,Tamil Nadu,1,509.93,509.93,205.5
HP10179,2026-02-02,Premium Dog Food,Food,Dog,West,Gujarat,2,1465.51,2931.01,788.42
HP10180,2025-09-19,Cat Scratching Post,Accessories,Cat,South,Telangana,2,1535.7,3071.4,1168.06
HP10181,2025-03-11,Premium Dog Food,Food,Dog,North,Punjab,1,1503.53,1503.53,414.95
HP10182,2026-04-28,Puppy Treats,Treats,Dog,South,Tamil Nadu,1,395.3,395.3,139.57
HP10183,2026-02-26,Cat Treats,Treats,Cat,West,Goa,7,442.22,3095.53,1387.05
HP10184,2025-08-12,Chew Toy,Toys,Dog,North,Haryana,1,554.1,554.1,252.84
HP10185,2026-02-10,Interactive Cat Toy,Toys,Cat,West,Maharashtra,5,706.76,3533.79,1781.99
HP10186,2025-02-28,Premium Dog Food,Food,Dog,North,Delhi,6,1528.32,9169.93,2751.43
HP10187,2026-04-02,Grooming Kit,Grooming,Dog,South,Karnataka,3,918.69,2756.08,1223.4
HP10188,2025-08-12,Premium Dog Food,Food,Dog,West,Maharashtra,1,1665.25,1665.25,648.82
HP10189,2025-12-04,Chew Toy,Toys,Dog,West,Maharashtra,2,632.65,1265.3,667.7
HP10190,2025-03-15,Puppy Treats,Treats,Dog,East,West Bengal,6,414.01,2484.06,944.11
HP10191,2025-07-01,Pet Bed,Accessories,Dog,North,Punjab,2,1770.54,3541.08,1367.15
HP10192,2025-06-29,Premium Dog Food,Food,Dog,West,Goa,4,1563.65,6254.59,2044.59
HP10193,2025-07-17,Chew Toy,Toys,Dog,South,Tamil Nadu,1,506.72,506.72,195.86
HP10194,2025-03-22,Premium Cat Food,Food,Cat,West,Gujarat,2,1361.75,2723.51,965.6
HP10195,2025-07-27,Premium Cat Food,Food,Cat,North,Delhi,1,1386.7,1386.7,499.55
HP10196,2026-06-15,Cat Litter,Hygiene,Cat,South,Tamil Nadu,3,738.75,2216.25,987.78
HP10197,2026-03-23,Cat Litter,Hygiene,Cat,West,Goa,6,805.95,4835.71,2385.69
HP10198,2025-11-02,Pet Shampoo,Grooming,Dog,South,Telangana,1,639.66,639.66,291.65
HP10199,2025-12-14,Cat Scratching Post,Accessories,Cat,West,Gujarat,6,1835.86,11015.17,5121.93
HP10200,2026-02-16,Pet Bed,Accessories,Dog,East,Odisha,1,1806.14,1806.14,774.55
HP10201,2026-03-12,Cat Litter,Hygiene,Cat,South,Karnataka,1,694.11,694.11,269.67
HP10202,2025-12-20,Interactive Cat Toy,Toys,Cat,West,Gujarat,3,785.6,2356.79,1280.15
HP10203,2025-02-09,Cat Treats,Treats,Cat,East,Odisha,4,378.85,1515.39,587.22
HP10204,2026-06-23,Pet Bed,Accessories,Dog,East,West Bengal,6,1550.86,9305.17,3030.55
HP10205,2025-06-01,Cat Treats,Treats,Cat,West,Goa,7,412.46,2887.24,1221.18
HP10206,2026-01-26,Puppy Treats,Treats,Dog,West,Maharashtra,3,470.91,1412.73,638.77
HP10207,2025-11-18,Cat Litter,Hygiene,Cat,East,Odisha,4,802.37,3209.46,1540.31
HP10208,2026-01-16,Puppy Treats,Treats,Dog,South,Tamil Nadu,3,407.65,1222.96,466.31
HP10209,2025-03-13,Pet Shampoo,Grooming,Dog,East,West Bengal,5,591.63,2958.15,1323.46
HP10210,2025-03-30,Cat Litter,Hygiene,Cat,North,Delhi,6,825.01,4950.04,2481.11
HP10211,2026-04-21,Cat Litter,Hygiene,Cat,North,Haryana,2,734.9,1469.81,644.36
HP10212,2026-02-09,Cat Treats,Treats,Cat,West,Goa,2,413.16,826.33,348.75
HP10213,2026-02-12,Pet Shampoo,Grooming,Dog,East,Bihar,2,588.18,1176.35,506.12
HP10214,2025-08-29,Grooming Kit,Grooming,Dog,South,Telangana,5,814.72,4073.59,1593.58
HP10215,2025-07-17,Grooming Kit,Grooming,Dog,East,Bihar,4,895.38,3581.52,1524.89
HP10216,2026-01-20,Cat Treats,Treats,Cat,East,West Bengal,4,360.88,1443.5,515.98
HP10217,2026-06-06,Pet Shampoo,Grooming,Dog,West,Maharashtra,7,706.38,4944.68,2473.63
HP10218,2025-05-08,Premium Dog Food,Food,Dog,West,Goa,6,1561.14,9366.85,3088.79
HP10219,2025-12-13,Grooming Kit,Grooming,Dog,East,West Bengal,3,868.93,2606.79,1096.48
HP10220,2025-12-25,Chew Toy,Toys,Dog,North,Punjab,6,653.4,3920.4,2168.25
HP10221,2025-09-06,Chew Toy,Toys,Dog,South,Karnataka,6,568.25,3409.5,1661.58
HP10222,2025-03-04,Grooming Kit,Grooming,Dog,North,Haryana,3,1010.67,3032.02,1568.9
HP10223,2025-08-07,Flea & Tick Care,Healthcare,Dog,South,Karnataka,5,1026.92,5134.61,2226.9
HP10224,2025-11-18,Cat Scratching Post,Accessories,Cat,North,Delhi,6,1785.27,10711.6,4836.11
HP10225,2026-01-24,Puppy Treats,Treats,Dog,North,Punjab,6,414.18,2485.09,934.63
HP10226,2025-06-11,Pet Bed,Accessories,Dog,South,Tamil Nadu,5,1807.09,9035.47,3578.81
HP10227,2025-02-27,Premium Dog Food,Food,Dog,East,Bihar,1,1397.66,1397.66,307.62
HP10228,2025-04-08,Cat Treats,Treats,Cat,South,Karnataka,3,345.67,1037.02,322.3
HP10229,2026-01-07,Pet Shampoo,Grooming,Dog,West,Gujarat,6,704.02,4224.09,2197.69
HP10230,2026-01-26,Chew Toy,Toys,Dog,West,Maharashtra,6,593.17,3559.01,1702.42
HP10231,2026-05-15,Cat Treats,Treats,Cat,West,Maharashtra,1,387.65,387.65,152.01
HP10232,2025-05-04,Cat Treats,Treats,Cat,North,Delhi,1,391.17,391.17,151.01
HP10233,2026-02-12,Premium Cat Food,Food,Cat,East,West Bengal,6,1100.75,6604.49,1357.04
HP10234,2025-10-30,Premium Dog Food,Food,Dog,West,Goa,4,1777.66,7110.63,3047.46
HP10235,2025-11-17,Interactive Cat Toy,Toys,Cat,West,Gujarat,2,788.77,1577.54,857.3
HP10236,2025-06-18,Pet Bed,Accessories,Dog,South,Telangana,3,1684.74,5054.23,1977.72
HP10237,2026-02-19,Cat Scratching Post,Accessories,Cat,North,Haryana,1,1627.12,1627.12,701.8
HP10238,2026-01-17,Premium Dog Food,Food,Dog,South,Telangana,7,1338.52,9369.61,1929.33
HP10239,2025-04-11,Puppy Treats,Treats,Dog,South,Tamil Nadu,7,442.92,3100.45,1226.16
HP10240,2025-09-16,Interactive Cat Toy,Toys,Cat,North,Delhi,5,653.19,3265.94,1432.14
HP10241,2025-07-29,Premium Dog Food,Food,Dog,East,Odisha,6,1393.92,8363.55,2302.15
HP10242,2025-07-23,Pet Bed,Accessories,Dog,East,West Bengal,4,1609.77,6439.07,2266.4
HP10243,2025-07-10,Cat Treats,Treats,Cat,West,Goa,4,402.87,1611.49,688.74
HP10244,2025-09-03,Premium Cat Food,Food,Cat,South,Tamil Nadu,4,1259.62,5038.5,1563.46
HP10245,2025-11-23,Chew Toy,Toys,Dog,North,Delhi,7,632.22,4425.54,2380.65
HP10246,2026-03-30,Cat Litter,Hygiene,Cat,South,Telangana,4,786.22,3144.88,1524.08
HP10247,2025-09-11,Chew Toy,Toys,Dog,East,West Bengal,2,526.19,1052.38,466.11
HP10248,2025-02-27,Cat Litter,Hygiene,Cat,North,Delhi,3,739.58,2218.75,995.57
HP10249,2025-07-07,Cat Scratching Post,Accessories,Cat,South,Telangana,3,1501.94,4505.82,1688.34
HP10250,2025-08-17,Chew Toy,Toys,Dog,East,West Bengal,2,543.28,1086.57,465.94
HP10251,2025-01-28,Grooming Kit,Grooming,Dog,North,Delhi,1,953.91,953.91,469.03
HP10252,2025-02-26,Puppy Treats,Treats,Dog,West,Goa,6,455.49,2732.95,1110.96
HP10253,2025-02-04,Interactive Cat Toy,Toys,Cat,South,Karnataka,3,682.73,2048.18,961.54
HP10254,2026-03-14,Cat Litter,Hygiene,Cat,North,Haryana,7,779.83,5458.81,2520.3
HP10255,2026-03-16,Cat Treats,Treats,Cat,South,Telangana,3,377.45,1132.35,448.33
HP10256,2026-06-21,Cat Scratching Post,Accessories,Cat,North,Delhi,1,1816.53,1816.53,859.74
HP10257,2025-08-29,Pet Bed,Accessories,Dog,South,Tamil Nadu,4,1801.58,7206.32,2862.93
HP10258,2026-02-27,Pet Shampoo,Grooming,Dog,South,Telangana,3,602.84,1808.52,782.98
HP10259,2025-07-11,Chew Toy,Toys,Dog,East,Odisha,4,496.83,1987.31,802.12
HP10260,2025-06-16,Premium Dog Food,Food,Dog,North,Punjab,2,1561.83,3123.67,1042.3
HP10261,2026-02-18,Cat Litter,Hygiene,Cat,East,West Bengal,6,670.43,4022.57,1436.69
HP10262,2025-02-27,Flea & Tick Care,Healthcare,Dog,East,Bihar,5,846.15,4230.77,1330.98
HP10263,2026-05-19,Cat Litter,Hygiene,Cat,West,Gujarat,5,745.8,3728.99,1706.52
HP10264,2025-02-15,Flea & Tick Care,Healthcare,Dog,East,Bihar,1,946.9,946.9,371.13
HP10265,2025-09-04,Puppy Treats,Treats,Dog,South,Tamil Nadu,1,430.48,430.48,174.0
HP10266,2026-04-10,Cat Litter,Hygiene,Cat,South,Telangana,4,707.99,2831.97,1197.59
HP10267,2025-04-28,Interactive Cat Toy,Toys,Cat,South,Telangana,4,684.44,2737.74,1244.34
HP10268,2026-05-24,Pet Shampoo,Grooming,Dog,North,Haryana,5,683.81,3419.06,1736.14
HP10269,2025-10-03,Premium Cat Food,Food,Cat,West,Maharashtra,4,1473.02,5892.09,2153.23
HP10270,2026-05-26,Grooming Kit,Grooming,Dog,South,Tamil Nadu,3,870.37,2611.12,1156.92
HP10271,2025-02-07,Cat Litter,Hygiene,Cat,West,Goa,2,784.57,1569.14,703.99
HP10272,2025-10-04,Premium Dog Food,Food,Dog,East,West Bengal,4,1500.68,6002.73,1915.83
HP10273,2026-03-08,Cat Scratching Post,Accessories,Cat,South,Telangana,5,1498.01,7490.07,2754.61
HP10274,2025-09-02,Flea & Tick Care,Healthcare,Dog,North,Punjab,1,968.4,968.4,415.38
HP10275,2025-04-19,Puppy Treats,Treats,Dog,West,Maharashtra,3,476.02,1428.07,618.47
HP10276,2026-06-25,Puppy Treats,Treats,Dog,East,West Bengal,7,398.99,2792.92,983.26
HP10277,2025-04-22,Premium Cat Food,Food,Cat,North,Punjab,4,1402.66,5610.63,1878.52
HP10278,2025-10-25,Cat Scratching Post,Accessories,Cat,East,West Bengal,3,1764.12,5292.35,2546.07
HP10279,2026-05-13,Cat Treats,Treats,Cat,West,Goa,1,381.5,381.5,140.2
HP10280,2025-02-07,Flea & Tick Care,Healthcare,Dog,East,West Bengal,7,921.24,6448.65,2560.88
HP10281,2025-04-04,Pet Shampoo,Grooming,Dog,North,Punjab,7,625.27,4376.86,2056.0
HP10282,2025-04-20,Pet Bed,Accessories,Dog,West,Maharashtra,1,2058.25,2058.25,990.79
HP10283,2025-12-05,Pet Bed,Accessories,Dog,West,Goa,6,2248.46,13490.77,7378.8
HP10284,2025-07-31,Flea & Tick Care,Healthcare,Dog,East,Bihar,4,969.57,3878.29,1553.74
HP10285,2025-09-07,Interactive Cat Toy,Toys,Cat,South,Telangana,4,625.42,2501.66,1077.61
HP10286,2026-01-31,Puppy Treats,Treats,Dog,North,Punjab,1,456.36,456.36,197.48
HP10287,2025-02-17,Puppy Treats,Treats,Dog,East,Bihar,1,369.2,369.2,115.32
HP10288,2025-07-29,Cat Treats,Treats,Cat,North,Haryana,4,422.78,1691.12,715.24
HP10289,2025-07-14,Premium Dog Food,Food,Dog,North,Delhi,2,1402.64,2805.28,756.5
HP10290,2025-05-23,Premium Cat Food,Food,Cat,West,Gujarat,4,1377.21,5508.85,1994.72
HP10291,2025-12-22,Pet Bed,Accessories,Dog,East,Bihar,7,1937.76,13564.29,6303.72
HP10292,2025-08-11,Premium Cat Food,Food,Cat,North,Delhi,4,1392.7,5570.82,2005.86
HP10293,2025-08-19,Cat Treats,Treats,Cat,East,Bihar,2,343.26,686.53,210.77
HP10294,2026-03-18,Puppy Treats,Treats,Dog,South,Telangana,2,426.21,852.43,346.2
HP10295,2026-03-25,Grooming Kit,Grooming,Dog,North,Haryana,1,935.65,935.65,434.87
HP10296,2025-06-01,Premium Dog Food,Food,Dog,South,Tamil Nadu,7,1417.88,9925.17,2588.13
HP10297,2026-02-05,Flea & Tick Care,Healthcare,Dog,North,Punjab,5,974.84,4874.2,2043.37
HP10298,2025-01-10,Cat Scratching Post,Accessories,Cat,West,Maharashtra,4,1895.12,7580.49,3787.92
HP10299,2026-01-28,Grooming Kit,Grooming,Dog,West,Maharashtra,5,1015.82,5079.09,2593.46
HP10300,2026-02-25,Interactive Cat Toy,Toys,Cat,West,Gujarat,5,684.89,3424.45,1601.05
HP10301,2026-01-20,Pet Shampoo,Grooming,Dog,West,Goa,3,661.57,1984.72,939.25
HP10302,2025-09-25,Chew Toy,Toys,Dog,West,Gujarat,4,566.96,2267.84,1044.3
HP10303,2025-07-24,Chew Toy,Toys,Dog,North,Delhi,5,594.63,2973.15,1425.79
HP10304,2025-02-24,Grooming Kit,Grooming,Dog,North,Delhi,7,884.25,6189.72,2774.38
HP10305,2025-04-14,Chew Toy,Toys,Dog,East,West Bengal,7,532.82,3729.76,1594.79
HP10306,2026-03-07,Cat Litter,Hygiene,Cat,South,Karnataka,4,693.54,2774.15,1124.6
HP10307,2026-01-22,Puppy Treats,Treats,Dog,North,Delhi,4,451.13,1804.52,800.3
HP10308,2025-11-14,Interactive Cat Toy,Toys,Cat,West,Gujarat,6,796.38,4778.28,2627.22
HP10309,2025-07-05,Interactive Cat Toy,Toys,Cat,North,Haryana,3,640.99,1922.98,845.79
HP10310,2026-05-12,Chew Toy,Toys,Dog,North,Punjab,6,554.96,3329.78,1562.5
HP10311,2026-01-18,Chew Toy,Toys,Dog,South,Karnataka,3,527.73,1583.18,702.19
HP10312,2025-07-19,Pet Bed,Accessories,Dog,West,Goa,4,1988.48,7953.91,3630.54
HP10313,2025-08-29,Cat Scratching Post,Accessories,Cat,East,Bihar,7,1634.82,11443.75,4638.7
HP10314,2026-01-23,Chew Toy,Toys,Dog,North,Punjab,1,569.91,569.91,270.05
HP10315,2026-02-21,Interactive Cat Toy,Toys,Cat,East,Odisha,4,637.06,2548.23,1153.31
HP10316,2025-02-07,Grooming Kit,Grooming,Dog,West,Maharashtra,6,1048.96,6293.73,3204.23
HP10317,2025-03-11,Premium Cat Food,Food,Cat,South,Telangana,3,1179.54,3538.63,815.67
HP10318,2026-06-28,Cat Scratching Post,Accessories,Cat,South,Telangana,4,1564.3,6257.19,2557.58
HP10319,2025-12-10,Puppy Treats,Treats,Dog,North,Delhi,7,464.41,3250.89,1382.25
HP10320,2026-02-08,Premium Dog Food,Food,Dog,North,Haryana,2,1583.28,3166.55,1106.08
HP10321,2025-06-13,Flea & Tick Care,Healthcare,Dog,North,Haryana,5,1070.48,5352.41,2611.71
HP10322,2025-11-03,Flea & Tick Care,Healthcare,Dog,West,Maharashtra,2,1130.26,2260.52,1146.57
HP10323,2025-11-29,Grooming Kit,Grooming,Dog,West,Maharashtra,6,1029.32,6175.93,3095.5
HP10324,2025-11-09,Cat Litter,Hygiene,Cat,North,Delhi,4,908.99,3635.98,2017.98
HP10325,2026-02-02,Puppy Treats,Treats,Dog,East,West Bengal,6,364.92,2189.5,642.58
HP10326,2025-05-10,Chew Toy,Toys,Dog,South,Telangana,2,512.74,1025.48,429.8
HP10327,2025-10-15,Interactive Cat Toy,Toys,Cat,West,Gujarat,5,781.26,3906.28,2036.73
HP10328,2025-05-13,Premium Cat Food,Food,Cat,South,Tamil Nadu,7,1175.19,8226.34,1810.51
HP10329,2025-08-15,Premium Cat Food,Food,Cat,North,Haryana,4,1237.72,4950.87,1441.48
HP10330,2025-04-15,Chew Toy,Toys,Dog,South,Tamil Nadu,6,574.15,3444.91,1601.32
HP10331,2025-03-06,Cat Scratching Post,Accessories,Cat,South,Karnataka,2,1522.58,3045.15,1077.7
HP10332,2025-08-08,Pet Bed,Accessories,Dog,North,Punjab,6,1841.81,11050.84,4985.14
HP10333,2025-08-25,Premium Cat Food,Food,Cat,East,West Bengal,6,1108.73,6652.4,1072.09
HP10334,2025-02-09,Cat Scratching Post,Accessories,Cat,West,Goa,2,1653.85,3307.7,1351.85
HP10335,2025-10-21,Pet Bed,Accessories,Dog,East,West Bengal,6,1700.4,10202.38,3760.84
HP10336,2026-06-17,Premium Cat Food,Food,Cat,West,Goa,4,1431.36,5725.45,2117.54
HP10337,2025-03-30,Flea & Tick Care,Healthcare,Dog,West,Goa,6,1022.47,6134.85,2877.57
HP10338,2026-01-03,Flea & Tick Care,Healthcare,Dog,South,Karnataka,4,973.1,3892.4,1671.2
HP10339,2026-03-12,Pet Shampoo,Grooming,Dog,West,Goa,2,694.94,1389.88,700.2
HP10340,2025-07-03,Cat Treats,Treats,Cat,North,Punjab,6,424.33,2545.96,1110.93
HP10341,2025-08-03,Pet Shampoo,Grooming,Dog,West,Goa,3,684.41,2053.23,1035.35
HP10342,2025-11-23,Premium Dog Food,Food,Dog,North,Haryana,3,1726.5,5179.5,2083.92
HP10343,2025-11-30,Pet Bed,Accessories,Dog,South,Telangana,7,2022.03,14154.19,6921.01
HP10344,2025-05-09,Puppy Treats,Treats,Dog,South,Telangana,5,422.04,2110.18,775.91
HP10345,2026-05-17,Flea & Tick Care,Healthcare,Dog,North,Delhi,5,1029.56,5147.79,2348.78
HP10346,2026-03-23,Interactive Cat Toy,Toys,Cat,South,Karnataka,7,589.19,4124.32,1625.2
HP10347,2025-07-16,Chew Toy,Toys,Dog,North,Haryana,6,549.82,3298.9,1446.11
HP10348,2025-06-12,Puppy Treats,Treats,Dog,West,Goa,2,455.87,911.74,380.12
HP10349,2025-08-11,Pet Shampoo,Grooming,Dog,North,Delhi,1,692.1,692.1,346.39
HP10350,2026-05-22,Premium Cat Food,Food,Cat,West,Gujarat,4,1344.84,5379.38,1793.91
HP10351,2025-01-10,Premium Dog Food,Food,Dog,North,Punjab,7,1583.22,11082.54,3820.99
HP10352,2025-05-24,Flea & Tick Care,Healthcare,Dog,North,Punjab,7,1084.9,7594.3,3542.0
HP10353,2025-06-08,Pet Shampoo,Grooming,Dog,North,Delhi,2,602.5,1205.0,545.67
HP10354,2025-02-17,Chew Toy,Toys,Dog,West,Maharashtra,1,559.08,559.08,251.22
HP10355,2025-01-21,Grooming Kit,Grooming,Dog,West,Gujarat,5,1031.44,5157.18,2629.49
HP10356,2025-08-15,Interactive Cat Toy,Toys,Cat,East,Odisha,4,589.61,2358.45,922.17
HP10357,2026-03-03,Premium Dog Food,Food,Dog,West,Maharashtra,2,1479.19,2958.38,900.99
HP10358,2026-06-05,Pet Shampoo,Grooming,Dog,South,Telangana,5,642.25,3211.24,1568.67
HP10359,2026-02-15,Cat Litter,Hygiene,Cat,South,Telangana,2,757.21,1514.43,646.89
HP10360,2025-05-16,Premium Cat Food,Food,Cat,East,West Bengal,3,1172.6,3517.79,791.47
HP10361,2026-05-20,Interactive Cat Toy,Toys,Cat,East,Odisha,1,623.22,623.22,258.19
HP10362,2026-02-15,Pet Bed,Accessories,Dog,North,Haryana,4,1844.75,7379.02,3317.88
HP10363,2026-03-31,Flea & Tick Care,Healthcare,Dog,South,Karnataka,6,920.0,5519.98,2071.34
HP10364,2026-06-09,Interactive Cat Toy,Toys,Cat,West,Gujarat,4,701.91,2807.64,1353.85
HP10365,2026-06-08,Grooming Kit,Grooming,Dog,South,Telangana,4,896.39,3585.58,1547.57
HP10366,2026-01-01,Premium Cat Food,Food,Cat,East,West Bengal,4,1240.93,4963.73,1365.6
HP10367,2025-10-08,Pet Bed,Accessories,Dog,West,Gujarat,4,1992.32,7969.29,3864.4
HP10368,2025-12-19,Premium Cat Food,Food,Cat,North,Delhi,4,1464.48,5857.93,2190.69
HP10369,2026-06-17,Grooming Kit,Grooming,Dog,East,West Bengal,2,896.07,1792.14,818.75
HP10370,2025-08-04,Chew Toy,Toys,Dog,South,Tamil Nadu,5,531.43,2657.17,1126.01
HP10371,2026-05-31,Premium Cat Food,Food,Cat,West,Maharashtra,4,1405.32,5621.26,1920.54
HP10372,2026-02-01,Chew Toy,Toys,Dog,North,Haryana,3,549.16,1647.48,764.55
HP10373,2025-01-05,Cat Scratching Post,Accessories,Cat,West,Gujarat,7,1789.63,12527.44,5803.47
HP10374,2025-06-26,Grooming Kit,Grooming,Dog,West,Goa,2,976.44,1952.88,926.25
HP10375,2025-05-12,Puppy Treats,Treats,Dog,South,Karnataka,7,443.54,3104.8,1225.67
HP10376,2025-01-21,Pet Bed,Accessories,Dog,North,Haryana,3,1886.16,5658.49,2493.17
HP10377,2025-08-14,Puppy Treats,Treats,Dog,East,Odisha,3,406.17,1218.52,448.9
HP10378,2025-08-23,Interactive Cat Toy,Toys,Cat,North,Delhi,2,713.91,1427.82,710.92
HP10379,2026-06-22,Premium Dog Food,Food,Dog,West,Maharashtra,4,1446.02,5784.08,1645.79
HP10380,2026-05-02,Premium Cat Food,Food,Cat,East,West Bengal,2,1081.58,2163.16,427.25
HP10381,2025-01-13,Flea & Tick Care,Healthcare,Dog,North,Punjab,6,963.0,5778.03,2389.38
HP10382,2025-07-28,Puppy Treats,Treats,Dog,South,Tamil Nadu,1,431.54,431.54,163.36
HP10383,2025-11-21,Premium Cat Food,Food,Cat,North,Delhi,7,1415.12,9905.83,3782.21
HP10384,2025-03-18,Cat Litter,Hygiene,Cat,East,West Bengal,6,708.6,4251.58,1640.22
HP10385,2026-05-18,Cat Litter,Hygiene,Cat,South,Tamil Nadu,4,718.5,2873.99,1231.03
HP10386,2025-09-21,Grooming Kit,Grooming,Dog,South,Karnataka,5,814.04,4070.21,1582.37
HP10387,2025-12-11,Pet Bed,Accessories,Dog,East,Odisha,6,1897.74,11386.46,4979.76
HP10388,2025-12-05,Premium Dog Food,Food,Dog,South,Karnataka,5,1472.2,7361.02,2303.15
HP10389,2025-03-30,Cat Litter,Hygiene,Cat,South,Karnataka,3,696.98,2090.93,798.23
HP10390,2025-11-29,Pet Bed,Accessories,Dog,North,Haryana,7,1865.8,13060.58,5460.7
HP10391,2026-04-22,Pet Bed,Accessories,Dog,North,Haryana,6,2012.83,12077.01,5572.43
HP10392,2026-03-07,Puppy Treats,Treats,Dog,East,Bihar,1,412.46,412.46,150.09
HP10393,2025-12-15,Flea & Tick Care,Healthcare,Dog,South,Tamil Nadu,5,979.74,4898.71,2045.0
HP10394,2025-04-11,Grooming Kit,Grooming,Dog,West,Maharashtra,6,967.72,5806.31,2803.95
HP10395,2025-03-13,Pet Bed,Accessories,Dog,West,Maharashtra,6,1903.25,11419.5,5283.4
HP10396,2025-11-20,Chew Toy,Toys,Dog,South,Karnataka,7,603.93,4227.5,2175.34
HP10397,2025-04-20,Flea & Tick Care,Healthcare,Dog,South,Telangana,6,920.71,5524.25,2132.36
HP10398,2025-02-21,Interactive Cat Toy,Toys,Cat,North,Haryana,5,728.71,3643.54,1893.85
HP10399,2026-04-14,Interactive Cat Toy,Toys,Cat,East,West Bengal,3,563.03,1689.09,611.23
HP10400,2025-10-07,Pet Shampoo,Grooming,Dog,South,Telangana,3,692.5,2077.51,1055.87
HP10401,2026-03-14,Cat Treats,Treats,Cat,South,Telangana,7,381.38,2669.69,1075.24
HP10402,2025-06-04,Chew Toy,Toys,Dog,South,Telangana,1,509.05,509.05,204.55
HP10403,2025-09-06,Premium Cat Food,Food,Cat,South,Karnataka,1,1213.45,1213.45,319.62
HP10404,2025-08-21,Pet Bed,Accessories,Dog,South,Tamil Nadu,1,1796.28,1796.28,756.89
HP10405,2025-08-14,Cat Treats,Treats,Cat,North,Punjab,1,379.28,379.28,145.1
HP10406,2025-01-04,Cat Treats,Treats,Cat,West,Gujarat,3,412.4,1237.2,526.92
HP10407,2026-02-18,Premium Cat Food,Food,Cat,East,West Bengal,3,1147.86,3443.57,829.91
HP10408,2025-06-27,Premium Cat Food,Food,Cat,West,Goa,1,1371.9,1371.9,452.9
HP10409,2025-10-01,Cat Litter,Hygiene,Cat,West,Maharashtra,5,934.87,4674.35,2493.54
HP10410,2026-06-09,Grooming Kit,Grooming,Dog,South,Karnataka,4,832.15,3328.59,1354.79
HP10411,2025-02-12,Premium Cat Food,Food,Cat,North,Haryana,4,1371.27,5485.09,1935.81
HP10412,2025-06-08,Premium Dog Food,Food,Dog,West,Gujarat,4,1473.52,5894.09,1844.72
HP10413,2026-03-07,Grooming Kit,Grooming,Dog,North,Haryana,4,874.7,3498.81,1511.03
HP10414,2026-06-23,Premium Dog Food,Food,Dog,South,Telangana,7,1366.17,9563.18,2210.51
HP10415,2025-03-12,Grooming Kit,Grooming,Dog,South,Telangana,2,932.16,1864.33,873.14
HP10416,2025-05-04,Cat Treats,Treats,Cat,West,Gujarat,2,397.36,794.72,342.35
HP10417,2026-01-26,Chew Toy,Toys,Dog,North,Punjab,5,542.83,2714.17,1193.2
HP10418,2025-08-07,Chew Toy,Toys,Dog,South,Karnataka,3,557.69,1673.08,775.49
HP10419,2025-01-31,Cat Scratching Post,Accessories,Cat,West,Gujarat,5,1700.41,8502.04,3600.0
HP10420,2025-11-05,Interactive Cat Toy,Toys,Cat,North,Punjab,4,686.15,2744.6,1334.73
HP10421,2025-06-11,Grooming Kit,Grooming,Dog,North,Haryana,6,1001.43,6008.59,2983.02
HP10422,2026-01-10,Premium Cat Food,Food,Cat,East,Bihar,7,1133.03,7931.18,1801.1
HP10423,2026-03-03,Premium Cat Food,Food,Cat,East,Odisha,2,1183.54,2367.08,637.04
HP10424,2025-05-22,Premium Dog Food,Food,Dog,North,Haryana,1,1413.48,1413.48,385.3
HP10425,2025-07-12,Chew Toy,Toys,Dog,North,Delhi,2,543.9,1087.8,493.62
HP10426,2025-07-06,Interactive Cat Toy,Toys,Cat,South,Tamil Nadu,3,595.19,1785.56,746.58
HP10427,2025-11-24,Puppy Treats,Treats,Dog,West,Maharashtra,7,523.48,3664.34,1843.72
HP10428,2025-01-19,Pet Shampoo,Grooming,Dog,South,Tamil Nadu,6,633.34,3800.03,1703.85
HP10429,2025-03-08,Interactive Cat Toy,Toys,Cat,South,Telangana,6,668.23,4009.37,1882.47
HP10430,2026-05-22,Premium Dog Food,Food,Dog,North,Haryana,7,1573.17,11012.17,3901.33
HP10431,2026-01-01,Cat Treats,Treats,Cat,North,Punjab,6,414.12,2484.72,1063.17
HP10432,2026-02-15,Pet Bed,Accessories,Dog,North,Haryana,2,1846.29,3692.59,1669.46
HP10433,2026-06-15,Cat Scratching Post,Accessories,Cat,North,Punjab,3,1695.44,5086.31,2149.8
HP10434,2026-05-16,Puppy Treats,Treats,Dog,West,Maharashtra,3,441.1,1323.31,543.15
HP10435,2025-07-24,Premium Dog Food,Food,Dog,North,Punjab,4,1423.99,5695.95,1545.7
HP10436,2025-09-21,Cat Scratching Post,Accessories,Cat,South,Tamil Nadu,6,1554.06,9324.35,3410.14
HP10437,2025-11-12,Premium Dog Food,Food,Dog,West,Goa,6,1594.43,9566.59,3253.25
HP10438,2025-06-15,Pet Bed,Accessories,Dog,West,Maharashtra,5,1870.42,9352.12,3921.68
HP10439,2025-07-29,Flea & Tick Care,Healthcare,Dog,East,West Bengal,6,847.07,5082.42,1696.11
HP10440,2025-10-05,Puppy Treats,Treats,Dog,North,Haryana,4,453.52,1814.08,760.53
HP10441,2025-05-23,Chew Toy,Toys,Dog,West,Maharashtra,7,564.16,3949.09,1878.78
HP10442,2025-09-26,Premium Cat Food,Food,Cat,East,Odisha,4,1098.57,4394.28,908.29
HP10443,2025-06-21,Grooming Kit,Grooming,Dog,South,Telangana,7,879.51,6156.59,2538.33
HP10444,2025-11-16,Flea & Tick Care,Healthcare,Dog,North,Delhi,7,1179.55,8256.83,4394.94
HP10445,2026-02-07,Cat Treats,Treats,Cat,South,Tamil Nadu,3,353.93,1061.79,334.33
HP10446,2025-12-01,Cat Litter,Hygiene,Cat,East,West Bengal,1,697.71,697.71,272.54
HP10447,2025-09-01,Premium Cat Food,Food,Cat,East,Odisha,1,1246.17,1246.17,328.28
HP10448,2026-04-10,Chew Toy,Toys,Dog,North,Haryana,3,559.95,1679.85,777.18
HP10449,2025-09-14,Interactive Cat Toy,Toys,Cat,North,Delhi,3,649.45,1948.36,878.21
HP10450,2025-06-17,Puppy Treats,Treats,Dog,North,Delhi,5,428.98,2144.92,861.0
HP10451,2025-01-10,Grooming Kit,Grooming,Dog,West,Gujarat,3,985.61,2956.83,1400.89
HP10452,2026-05-13,Cat Treats,Treats,Cat,West,Gujarat,6,381.42,2288.54,886.54
HP10453,2026-03-14,Flea & Tick Care,Healthcare,Dog,West,Goa,4,989.44,3957.76,1706.65
HP10454,2025-01-17,Premium Dog Food,Food,Dog,West,Maharashtra,4,1621.98,6487.93,2163.83
HP10455,2025-09-01,Cat Scratching Post,Accessories,Cat,East,Odisha,6,1618.58,9711.48,3843.19
HP10456,2026-01-23,Premium Dog Food,Food,Dog,East,West Bengal,2,1426.25,2852.5,727.57
HP10457,2026-05-05,Interactive Cat Toy,Toys,Cat,North,Punjab,3,698.04,2094.12,1039.67
HP10458,2026-01-24,Grooming Kit,Grooming,Dog,West,Maharashtra,6,925.31,5551.87,2601.72
HP10459,2025-11-17,Puppy Treats,Treats,Dog,East,Bihar,5,408.86,2044.32,765.21
HP10460,2025-12-03,Grooming Kit,Grooming,Dog,West,Maharashtra,1,966.6,966.6,457.42
HP10461,2025-04-26,Flea & Tick Care,Healthcare,Dog,West,Goa,4,1056.04,4224.15,1995.59
HP10462,2025-11-02,Premium Cat Food,Food,Cat,East,West Bengal,4,1275.22,5100.88,1386.22
HP10463,2025-08-03,Cat Scratching Post,Accessories,Cat,North,Haryana,3,1628.33,4885.0,2068.72
HP10464,2025-02-25,Premium Cat Food,Food,Cat,North,Delhi,6,1299.23,7795.37,2214.25
HP10465,2025-01-15,Cat Litter,Hygiene,Cat,North,Delhi,3,727.62,2182.86,946.77
HP10466,2025-03-08,Chew Toy,Toys,Dog,North,Haryana,2,578.74,1157.48,557.58
HP10467,2025-06-20,Pet Shampoo,Grooming,Dog,South,Tamil Nadu,6,572.46,3434.79,1406.47
HP10468,2026-03-31,Premium Cat Food,Food,Cat,West,Goa,3,1364.63,4093.9,1486.96
HP10469,2025-10-10,Cat Treats,Treats,Cat,North,Delhi,6,412.34,2474.05,1038.82
HP10470,2026-01-22,Premium Dog Food,Food,Dog,West,Maharashtra,6,1463.0,8778.01,2718.04
HP10471,2026-02-06,Cat Litter,Hygiene,Cat,West,Maharashtra,2,816.26,1632.51,797.47
HP10472,2025-01-16,Cat Treats,Treats,Cat,South,Telangana,4,401.54,1606.17,692.48
HP10473,2025-06-08,Pet Bed,Accessories,Dog,North,Haryana,4,1987.72,7950.86,3695.35
HP10474,2026-03-28,Flea & Tick Care,Healthcare,Dog,North,Haryana,3,997.44,2992.33,1309.45
HP10475,2026-01-16,Cat Treats,Treats,Cat,South,Tamil Nadu,3,357.55,1072.66,375.28
HP10476,2025-04-26,Premium Dog Food,Food,Dog,West,Maharashtra,5,1474.24,7371.21,2039.79
HP10477,2025-08-27,Flea & Tick Care,Healthcare,Dog,North,Haryana,2,939.07,1878.14,798.7
HP10478,2025-05-28,Cat Treats,Treats,Cat,West,Goa,1,426.69,426.69,199.74
HP10479,2026-04-07,Cat Litter,Hygiene,Cat,West,Gujarat,3,746.62,2239.85,970.26
HP10480,2025-08-05,Puppy Treats,Treats,Dog,North,Haryana,2,410.52,821.03,298.74
HP10481,2026-01-13,Cat Scratching Post,Accessories,Cat,West,Gujarat,6,1893.92,11363.53,5524.1
HP10482,2026-02-12,Puppy Treats,Treats,Dog,East,West Bengal,3,379.96,1139.89,332.93
HP10483,2025-09-30,Pet Bed,Accessories,Dog,West,Goa,3,1955.64,5866.93,2720.18
HP10484,2026-06-18,Chew Toy,Toys,Dog,North,Delhi,4,532.41,2129.62,888.2
HP10485,2026-02-15,Pet Shampoo,Grooming,Dog,North,Delhi,6,603.22,3619.3,1513.97
HP10486,2025-01-31,Flea & Tick Care,Healthcare,Dog,North,Haryana,5,1040.66,5203.32,2345.68
HP10487,2026-04-26,Premium Dog Food,Food,Dog,East,Bihar,5,1310.19,6550.97,1218.12
HP10488,2025-04-15,Puppy Treats,Treats,Dog,East,Bihar,5,386.67,1933.35,606.72
HP10489,2025-01-04,Chew Toy,Toys,Dog,North,Haryana,2,575.61,1151.22,552.11
HP10490,2025-09-21,Cat Litter,Hygiene,Cat,North,Punjab,3,790.36,2371.07,1102.48
HP10491,2025-04-14,Chew Toy,Toys,Dog,West,Gujarat,5,621.58,3107.92,1592.95
HP10492,2026-03-01,Flea & Tick Care,Healthcare,Dog,East,Odisha,1,878.32,878.32,317.09
HP10493,2025-06-30,Flea & Tick Care,Healthcare,Dog,East,Bihar,1,924.86,924.86,377.32
HP10494,2025-07-27,Premium Dog Food,Food,Dog,West,Goa,5,1588.89,7944.46,2762.25
HP10495,2025-01-20,Grooming Kit,Grooming,Dog,West,Gujarat,6,975.07,5850.43,2882.06
HP10496,2025-07-25,Cat Treats,Treats,Cat,North,Delhi,2,387.19,774.39,287.69
HP10497,2026-05-31,Chew Toy,Toys,Dog,North,Punjab,1,557.2,557.2,249.62
HP10498,2026-03-14,Cat Litter,Hygiene,Cat,West,Gujarat,6,759.56,4557.37,2015.47
HP10499,2025-04-16,Cat Litter,Hygiene,Cat,South,Telangana,1,784.78,784.78,351.89
HP10500,2025-12-17,Cat Scratching Post,Accessories,Cat,East,Odisha,2,1741.97,3483.93,1584.14
HP10501,2026-02-26,Puppy Treats,Treats,Dog,East,West Bengal,7,411.17,2878.19,1090.63
HP10502,2025-12-26,Cat Litter,Hygiene,Cat,West,Maharashtra,7,879.34,6155.36,3181.89
HP10503,2026-04-22,Cat Litter,Hygiene,Cat,South,Tamil Nadu,1,687.58,687.58,276.56
HP10504,2025-01-12,Cat Treats,Treats,Cat,North,Haryana,2,398.27,796.55,337.26
HP10505,2026-03-18,Chew Toy,Toys,Dog,East,West Bengal,3,521.82,1565.47,635.8
HP10506,2025-01-28,Interactive Cat Toy,Toys,Cat,West,Maharashtra,7,738.96,5172.74,2626.27
HP10507,2025-10-08,Pet Bed,Accessories,Dog,East,Odisha,5,1668.05,8340.27,2897.87
HP10508,2025-03-20,Cat Litter,Hygiene,Cat,West,Gujarat,3,746.81,2240.42,979.44
HP10509,2025-10-11,Cat Treats,Treats,Cat,South,Tamil Nadu,3,386.09,1158.28,451.73
HP10510,2025-08-31,Cat Litter,Hygiene,Cat,West,Gujarat,2,786.63,1573.26,747.1
HP10511,2025-03-01,Pet Bed,Accessories,Dog,South,Tamil Nadu,5,1891.01,9455.04,4295.25
HP10512,2025-05-11,Pet Bed,Accessories,Dog,North,Haryana,2,1861.13,3722.27,1701.06
HP10513,2025-03-05,Pet Shampoo,Grooming,Dog,East,Odisha,6,578.13,3468.77,1411.81
HP10514,2026-02-01,Cat Treats,Treats,Cat,North,Punjab,1,405.0,405.0,160.68
HP10515,2025-12-16,Chew Toy,Toys,Dog,East,West Bengal,6,581.3,3487.82,1681.31
HP10516,2026-03-14,Premium Cat Food,Food,Cat,East,Odisha,7,1092.25,7645.72,1130.93
HP10517,2025-07-13,Chew Toy,Toys,Dog,West,Maharashtra,1,564.98,564.98,276.88
HP10518,2025-04-22,Cat Scratching Post,Accessories,Cat,South,Tamil Nadu,2,1604.35,3208.69,1323.53
HP10519,2026-03-02,Cat Litter,Hygiene,Cat,West,Goa,5,761.32,3806.62,1740.99
HP10520,2025-07-22,Grooming Kit,Grooming,Dog,North,Haryana,3,1002.27,3006.81,1452.73
HP10521,2025-10-13,Interactive Cat Toy,Toys,Cat,East,Odisha,4,679.34,2717.34,1331.31
HP10522,2026-03-15,Premium Cat Food,Food,Cat,East,West Bengal,2,1193.39,2386.77,608.2
HP10523,2025-10-16,Cat Treats,Treats,Cat,West,Goa,4,462.58,1850.34,927.55
HP10524,2025-07-25,Premium Cat Food,Food,Cat,North,Punjab,7,1367.2,9570.39,3067.7
HP10525,2025-07-11,Chew Toy,Toys,Dog,West,Goa,2,635.04,1270.08,666.66
HP10526,2025-07-08,Premium Cat Food,Food,Cat,East,Odisha,3,1123.17,3369.51,725.39
HP10527,2026-03-31,Flea & Tick Care,Healthcare,Dog,South,Karnataka,7,980.4,6862.8,2936.22
HP10528,2025-12-02,Puppy Treats,Treats,Dog,South,Tamil Nadu,2,467.5,934.99,427.54
HP10529,2026-06-26,Grooming Kit,Grooming,Dog,West,Goa,5,1028.44,5142.21,2684.0
HP10530,2026-05-19,Pet Shampoo,Grooming,Dog,West,Goa,6,687.23,4123.39,2026.87
HP10531,2025-05-08,Premium Dog Food,Food,Dog,South,Telangana,6,1476.61,8859.65,2583.4
HP10532,2025-08-12,Cat Litter,Hygiene,Cat,South,Telangana,4,688.66,2754.64,1111.49
HP10533,2026-05-14,Cat Treats,Treats,Cat,South,Telangana,3,357.26,1071.79,367.27
HP10534,2025-11-28,Pet Bed,Accessories,Dog,West,Goa,1,2124.65,2124.65,1077.4
HP10535,2025-06-05,Cat Treats,Treats,Cat,South,Tamil Nadu,3,370.72,1112.17,402.55
HP10536,2026-03-05,Puppy Treats,Treats,Dog,South,Tamil Nadu,6,427.78,2566.66,1026.46
HP10537,2025-05-30,Cat Scratching Post,Accessories,Cat,West,Goa,2,1805.57,3611.15,1743.78
HP10538,2026-02-10,Pet Shampoo,Grooming,Dog,North,Haryana,5,619.54,3097.68,1396.17
HP10539,2025-02-03,Premium Cat Food,Food,Cat,South,Telangana,7,1320.44,9243.09,2754.16
HP10540,2025-10-24,Puppy Treats,Treats,Dog,West,Maharashtra,1,481.52,481.52,213.81
HP10541,2025-01-14,Cat Litter,Hygiene,Cat,East,Bihar,3,732.35,2197.06,915.93
HP10542,2025-06-19,Premium Dog Food,Food,Dog,West,Gujarat,2,1483.41,2966.83,842.84
HP10543,2025-06-14,Pet Shampoo,Grooming,Dog,North,Haryana,2,607.61,1215.22,515.6
HP10544,2025-10-15,Flea & Tick Care,Healthcare,Dog,South,Karnataka,7,956.27,6693.88,2756.16
HP10545,2025-05-18,Pet Bed,Accessories,Dog,West,Gujarat,3,1916.11,5748.34,2682.02
HP10546,2025-06-18,Cat Treats,Treats,Cat,West,Goa,1,403.4,403.4,161.02
HP10547,2025-04-18,Cat Litter,Hygiene,Cat,South,Karnataka,4,715.49,2861.96,1212.59
HP10548,2025-02-01,Cat Scratching Post,Accessories,Cat,North,Punjab,4,1772.75,7091.0,3268.11
HP10549,2025-10-19,Flea & Tick Care,Healthcare,Dog,West,Maharashtra,2,1191.5,2383.01,1275.5
HP10550,2026-02-27,Interactive Cat Toy,Toys,Cat,North,Haryana,2,675.68,1351.36,658.26
HP10551,2025-10-18,Flea & Tick Care,Healthcare,Dog,West,Maharashtra,6,1066.4,6398.41,2935.7
HP10552,2025-10-05,Chew Toy,Toys,Dog,West,Goa,5,659.4,3296.98,1793.97
HP10553,2025-12-01,Interactive Cat Toy,Toys,Cat,West,Gujarat,1,735.81,735.81,388.12
HP10554,2025-02-18,Cat Scratching Post,Accessories,Cat,South,Telangana,5,1705.25,8526.27,3589.69
HP10555,2025-04-30,Cat Treats,Treats,Cat,West,Maharashtra,7,380.78,2665.44,987.0
HP10556,2025-10-30,Cat Scratching Post,Accessories,Cat,East,Odisha,4,1593.55,6374.21,2685.1
HP10557,2025-02-20,Interactive Cat Toy,Toys,Cat,North,Delhi,5,659.93,3299.64,1540.45
HP10558,2026-01-25,Pet Shampoo,Grooming,Dog,East,Bihar,4,616.73,2466.91,1119.38
HP10559,2025-09-08,Pet Bed,Accessories,Dog,North,Haryana,6,2018.3,12109.8,5635.11
HP10560,2026-04-10,Premium Dog Food,Food,Dog,East,Odisha,3,1387.23,4161.68,943.54
HP10561,2025-11-29,Chew Toy,Toys,Dog,South,Telangana,1,591.05,591.05,300.19
HP10562,2025-11-09,Cat Treats,Treats,Cat,South,Karnataka,6,381.84,2291.07,918.77
HP10563,2025-04-24,Premium Dog Food,Food,Dog,West,Maharashtra,5,1450.73,7253.64,2201.76
HP10564,2026-02-23,Interactive Cat Toy,Toys,Cat,South,Tamil Nadu,5,630.33,3151.67,1290.72
HP10565,2025-11-29,Pet Shampoo,Grooming,Dog,East,West Bengal,1,668.15,668.15,315.07
HP10566,2025-05-14,Flea & Tick Care,Healthcare,Dog,South,Telangana,2,1008.42,2016.85,875.67
HP10567,2025-10-26,Premium Cat Food,Food,Cat,South,Karnataka,4,1392.09,5568.38,1915.43
HP10568,2025-09-27,Chew Toy,Toys,Dog,East,Odisha,2,501.0,1002.0,423.81
HP10569,2025-10-24,Puppy Treats,Treats,Dog,South,Telangana,4,426.42,1705.67,689.84
HP10570,2025-11-17,Chew Toy,Toys,Dog,North,Punjab,1,644.2,644.2,347.17
HP10571,2025-06-20,Cat Scratching Post,Accessories,Cat,South,Tamil Nadu,6,1570.65,9423.88,3606.22
HP10572,2026-06-07,Cat Treats,Treats,Cat,East,Bihar,4,367.41,1469.64,532.81
HP10573,2025-04-28,Flea & Tick Care,Healthcare,Dog,East,Odisha,3,853.69,2561.07,892.51
HP10574,2025-12-22,Cat Litter,Hygiene,Cat,South,Karnataka,4,848.5,3394.02,1776.35
HP10575,2025-01-10,Pet Shampoo,Grooming,Dog,South,Tamil Nadu,1,583.25,583.25,253.63
HP10576,2025-03-20,Cat Litter,Hygiene,Cat,South,Karnataka,3,738.42,2215.25,1005.55
HP10577,2025-06-21,Premium Cat Food,Food,Cat,North,Delhi,4,1264.45,5057.79,1443.85
HP10578,2025-09-26,Cat Treats,Treats,Cat,North,Delhi,7,370.43,2593.03,997.13
HP10579,2025-11-08,Puppy Treats,Treats,Dog,West,Maharashtra,5,498.53,2492.66,1142.05
HP10580,2025-08-09,Grooming Kit,Grooming,Dog,West,Maharashtra,2,991.14,1982.28,988.67
HP10581,2025-06-17,Premium Cat Food,Food,Cat,West,Gujarat,2,1457.37,2914.73,1132.14
HP10582,2025-11-20,Grooming Kit,Grooming,Dog,West,Gujarat,1,1120.78,1120.78,618.07
HP10583,2025-10-10,Cat Scratching Post,Accessories,Cat,North,Haryana,4,1904.73,7618.92,3832.23
HP10584,2025-05-20,Cat Treats,Treats,Cat,North,Delhi,6,365.76,2194.58,761.02
HP10585,2026-04-23,Pet Shampoo,Grooming,Dog,North,Haryana,2,662.77,1325.53,669.47
HP10586,2025-08-13,Puppy Treats,Treats,Dog,East,Odisha,5,382.17,1910.87,590.36
HP10587,2026-05-14,Pet Bed,Accessories,Dog,North,Punjab,4,1986.39,7945.56,3689.5
HP10588,2026-01-24,Pet Shampoo,Grooming,Dog,South,Tamil Nadu,1,582.77,582.77,256.07
HP10589,2025-03-13,Premium Cat Food,Food,Cat,North,Haryana,6,1231.08,7386.47,2079.95
HP10590,2025-10-22,Grooming Kit,Grooming,Dog,South,Tamil Nadu,6,1022.32,6133.9,3043.83
HP10591,2025-04-13,Flea & Tick Care,Healthcare,Dog,West,Maharashtra,2,1128.4,2256.81,1135.21
HP10592,2025-10-14,Puppy Treats,Treats,Dog,North,Punjab,1,452.72,452.72,184.11
HP10593,2026-05-13,Premium Cat Food,Food,Cat,West,Goa,1,1369.91,1369.91,487.4
HP10594,2026-04-03,Flea & Tick Care,Healthcare,Dog,South,Tamil Nadu,2,971.75,1943.49,851.87
HP10595,2025-05-19,Cat Treats,Treats,Cat,East,Odisha,1,377.75,377.75,142.64
HP10596,2026-01-07,Chew Toy,Toys,Dog,East,Bihar,5,529.19,2645.94,1100.93
HP10597,2026-02-11,Puppy Treats,Treats,Dog,South,Tamil Nadu,1,418.6,418.6,167.62
HP10598,2026-06-11,Grooming Kit,Grooming,Dog,North,Delhi,4,885.13,3540.53,1522.86
HP10599,2025-03-18,Cat Scratching Post,Accessories,Cat,West,Goa,3,1795.96,5387.87,2523.51
HP10600,2025-03-14,Premium Dog Food,Food,Dog,East,Odisha,2,1451.9,2903.8,871.33
HP10601,2025-09-13,Cat Scratching Post,Accessories,Cat,East,Bihar,2,1594.82,3189.64,1352.8
HP10602,2025-10-19,Chew Toy,Toys,Dog,East,Bihar,1,515.25,515.25,209.23
HP10603,2025-09-24,Cat Treats,Treats,Cat,West,Maharashtra,6,423.41,2540.48,1155.46
HP10604,2025-05-16,Cat Litter,Hygiene,Cat,West,Goa,1,787.47,787.47,376.39
HP10605,2025-11-20,Chew Toy,Toys,Dog,West,Gujarat,4,648.78,2595.12,1412.96
HP10606,2026-04-09,Chew Toy,Toys,Dog,North,Delhi,7,581.37,4069.61,1990.11
HP10607,2025-07-23,Interactive Cat Toy,Toys,Cat,North,Haryana,2,646.81,1293.62,545.66
HP10608,2026-05-13,Premium Cat Food,Food,Cat,East,Bihar,1,1103.78,1103.78,194.02
HP10609,2026-01-03,Cat Litter,Hygiene,Cat,West,Gujarat,6,803.18,4819.09,2248.78
HP10610,2025-06-21,Puppy Treats,Treats,Dog,South,Telangana,5,439.17,2195.86,922.0
HP10611,2026-03-27,Puppy Treats,Treats,Dog,North,Haryana,5,456.57,2282.83,970.92
HP10612,2025-04-18,Cat Litter,Hygiene,Cat,East,Odisha,2,665.76,1331.52,506.98
HP10613,2025-03-17,Puppy Treats,Treats,Dog,South,Tamil Nadu,2,436.81,873.62,358.87
HP10614,2025-12-22,Premium Dog Food,Food,Dog,South,Tamil Nadu,2,1591.56,3183.11,1091.77
HP10615,2025-02-07,Cat Treats,Treats,Cat,West,Maharashtra,6,425.08,2550.48,1098.85
HP10616,2025-01-04,Premium Dog Food,Food,Dog,South,Telangana,5,1445.74,7228.69,2076.43
HP10617,2025-05-17,Puppy Treats,Treats,Dog,North,Delhi,5,456.43,2282.16,955.03
HP10618,2025-09-11,Pet Bed,Accessories,Dog,North,Delhi,4,1886.02,7544.09,3203.27
HP10619,2025-04-08,Chew Toy,Toys,Dog,West,Goa,6,638.15,3828.92,2033.89
HP10620,2025-06-25,Cat Litter,Hygiene,Cat,North,Delhi,3,749.76,2249.28,1022.55
HP10621,2025-01-30,Flea & Tick Care,Healthcare,Dog,North,Haryana,7,1061.74,7432.15,3467.95
HP10622,2026-01-23,Premium Dog Food,Food,Dog,South,Telangana,5,1349.77,6748.83,1315.0
HP10623,2025-07-25,Cat Treats,Treats,Cat,North,Delhi,5,405.09,2025.46,855.04
HP10624,2026-02-21,Interactive Cat Toy,Toys,Cat,North,Punjab,5,651.19,3255.95,1488.66
HP10625,2026-03-15,Cat Scratching Post,Accessories,Cat,South,Karnataka,3,1605.15,4815.44,2036.02
HP10626,2025-05-19,Grooming Kit,Grooming,Dog,East,West Bengal,1,862.3,862.3,344.54
HP10627,2025-10-22,Premium Cat Food,Food,Cat,West,Gujarat,1,1351.38,1351.38,435.44
HP10628,2025-11-04,Pet Bed,Accessories,Dog,West,Goa,1,2192.54,2192.54,1152.91
HP10629,2025-09-12,Premium Dog Food,Food,Dog,North,Delhi,7,1402.72,9819.05,2276.76
HP10630,2025-02-06,Chew Toy,Toys,Dog,West,Gujarat,5,628.07,3140.33,1678.27
HP10631,2025-06-14,Chew Toy,Toys,Dog,East,West Bengal,3,480.71,1442.13,564.73
HP10632,2026-04-11,Interactive Cat Toy,Toys,Cat,North,Delhi,1,721.0,721.0,366.41
HP10633,2026-05-31,Pet Shampoo,Grooming,Dog,West,Goa,1,692.63,692.63,349.88
HP10634,2025-02-06,Premium Dog Food,Food,Dog,North,Haryana,2,1405.85,2811.7,694.21
HP10635,2025-04-05,Cat Treats,Treats,Cat,East,Bihar,5,380.8,1904.0,712.27
HP10636,2026-02-08,Chew Toy,Toys,Dog,West,Maharashtra,3,546.89,1640.68,740.16
HP10637,2026-03-22,Cat Scratching Post,Accessories,Cat,North,Haryana,4,1626.43,6505.73,2840.19
HP10638,2025-03-21,Flea & Tick Care,Healthcare,Dog,West,Maharashtra,7,997.99,6985.96,3132.35
HP10639,2025-05-14,Cat Treats,Treats,Cat,North,Delhi,4,407.84,1631.37,680.25
HP10640,2025-11-13,Pet Shampoo,Grooming,Dog,East,Odisha,1,588.28,588.28,236.54
HP10641,2026-03-20,Pet Bed,Accessories,Dog,West,Goa,7,1990.47,13933.27,6331.47
HP10642,2025-05-08,Cat Litter,Hygiene,Cat,North,Punjab,1,731.26,731.26,324.86
HP10643,2026-06-14,Cat Scratching Post,Accessories,Cat,East,Odisha,6,1556.65,9339.89,3801.12
HP10644,2025-11-30,Cat Litter,Hygiene,Cat,South,Telangana,1,765.93,765.93,351.62
HP10645,2025-01-19,Cat Litter,Hygiene,Cat,West,Maharashtra,6,835.34,5012.06,2564.84
HP10646,2025-09-12,Pet Shampoo,Grooming,Dog,East,Bihar,2,590.26,1180.53,501.42
HP10647,2025-03-14,Puppy Treats,Treats,Dog,North,Punjab,4,408.84,1635.36,623.29
HP10648,2025-05-12,Premium Dog Food,Food,Dog,West,Maharashtra,2,1529.72,3059.44,989.33
HP10649,2026-01-25,Cat Scratching Post,Accessories,Cat,East,Bihar,7,1485.38,10397.64,3952.55
HP10650,2025-06-03,Cat Litter,Hygiene,Cat,South,Tamil Nadu,6,779.62,4677.72,2163.25
HP10651,2025-08-14,Premium Cat Food,Food,Cat,East,Bihar,2,1160.45,2320.9,587.53
HP10652,2026-03-19,Cat Treats,Treats,Cat,North,Haryana,3,399.33,1197.99,518.77
HP10653,2025-06-12,Premium Dog Food,Food,Dog,East,West Bengal,1,1343.56,1343.56,307.1
HP10654,2026-06-19,Premium Dog Food,Food,Dog,North,Delhi,6,1616.95,9701.69,3583.04
HP10655,2025-04-05,Flea & Tick Care,Healthcare,Dog,East,Bihar,5,942.01,4710.06,1864.34
HP10656,2025-08-16,Pet Bed,Accessories,Dog,South,Telangana,4,1714.28,6857.11,2789.74
HP10657,2025-01-19,Cat Scratching Post,Accessories,Cat,North,Punjab,2,1604.59,3209.18,1356.19
HP10658,2025-03-16,Cat Litter,Hygiene,Cat,East,Odisha,3,651.76,1955.29,702.01
HP10659,2026-02-02,Interactive Cat Toy,Toys,Cat,West,Gujarat,5,701.05,3505.26,1707.14
HP10660,2026-06-07,Premium Dog Food,Food,Dog,West,Goa,4,1560.79,6243.18,2202.28
HP10661,2025-09-01,Premium Cat Food,Food,Cat,South,Telangana,2,1322.88,2645.77,814.28
HP10662,2025-04-23,Chew Toy,Toys,Dog,North,Delhi,1,581.12,581.12,291.4
HP10663,2025-10-17,Premium Cat Food,Food,Cat,West,Goa,4,1485.21,5940.84,2400.77
HP10664,2026-04-19,Interactive Cat Toy,Toys,Cat,West,Maharashtra,1,655.45,655.45,300.89
HP10665,2026-03-12,Cat Treats,Treats,Cat,South,Karnataka,5,390.36,1951.78,766.97
HP10666,2025-02-20,Puppy Treats,Treats,Dog,South,Telangana,6,412.03,2472.16,946.72
HP10667,2026-01-14,Premium Dog Food,Food,Dog,South,Telangana,1,1362.49,1362.49,323.69
HP10668,2025-11-04,Puppy Treats,Treats,Dog,East,Odisha,7,407.83,2854.82,1031.8
HP10669,2025-07-24,Puppy Treats,Treats,Dog,West,Gujarat,2,424.82,849.65,329.52
HP10670,2025-03-16,Interactive Cat Toy,Toys,Cat,West,Goa,5,732.76,3663.79,1879.24
HP10671,2026-05-04,Cat Litter,Hygiene,Cat,North,Delhi,1,758.65,758.65,338.8
HP10672,2026-05-26,Cat Treats,Treats,Cat,East,Odisha,4,363.46,1453.85,501.29
HP10673,2025-05-31,Cat Litter,Hygiene,Cat,South,Karnataka,5,746.34,3731.7,1662.83
HP10674,2025-06-29,Grooming Kit,Grooming,Dog,East,West Bengal,5,788.13,3940.63,1452.42
HP10675,2026-04-19,Premium Dog Food,Food,Dog,North,Haryana,6,1426.73,8560.39,2256.74
HP10676,2025-12-26,Grooming Kit,Grooming,Dog,North,Punjab,7,1003.59,7025.13,3397.93
HP10677,2025-09-21,Premium Dog Food,Food,Dog,West,Maharashtra,7,1580.24,11061.68,3886.5
HP10678,2026-05-28,Pet Bed,Accessories,Dog,East,Bihar,7,1657.73,11604.14,4390.26
HP10679,2025-05-12,Cat Litter,Hygiene,Cat,East,West Bengal,7,644.86,4514.04,1517.49
HP10680,2026-02-03,Cat Litter,Hygiene,Cat,North,Haryana,1,803.96,803.96,378.98
HP10681,2025-08-29,Cat Litter,Hygiene,Cat,West,Maharashtra,4,862.77,3451.09,1720.29
HP10682,2025-07-21,Pet Shampoo,Grooming,Dog,East,Bihar,2,577.15,1154.3,496.02
HP10683,2025-10-22,Pet Shampoo,Grooming,Dog,North,Punjab,4,646.73,2586.93,1248.74
HP10684,2025-02-04,Cat Scratching Post,Accessories,Cat,East,West Bengal,6,1425.81,8554.85,2695.12
HP10685,2025-05-30,Cat Treats,Treats,Cat,South,Telangana,5,366.6,1832.99,690.49
HP10686,2026-04-22,Chew Toy,Toys,Dog,North,Punjab,7,610.83,4275.82,2121.79
HP10687,2026-05-08,Grooming Kit,Grooming,Dog,East,Odisha,7,803.24,5622.67,2241.41
HP10688,2025-08-31,Premium Cat Food,Food,Cat,South,Tamil Nadu,3,1128.39,3385.17,664.38
HP10689,2025-01-26,Cat Treats,Treats,Cat,North,Delhi,1,386.62,386.62,144.5
HP10690,2026-01-17,Premium Cat Food,Food,Cat,East,Odisha,6,1130.53,6783.16,1244.21
HP10691,2025-12-16,Premium Dog Food,Food,Dog,East,Bihar,1,1348.05,1348.05,256.81
HP10692,2025-04-19,Cat Scratching Post,Accessories,Cat,West,Goa,7,1645.27,11516.88,4711.62
HP10693,2025-07-10,Cat Treats,Treats,Cat,West,Gujarat,1,396.49,396.49,156.77
HP10694,2025-08-01,Premium Cat Food,Food,Cat,East,Bihar,3,1127.23,3381.68,580.86
HP10695,2026-03-10,Pet Shampoo,Grooming,Dog,South,Tamil Nadu,4,598.8,2395.21,1029.48
HP10696,2025-08-23,Grooming Kit,Grooming,Dog,West,Gujarat,7,1039.2,7274.41,3756.41
HP10697,2025-02-14,Cat Treats,Treats,Cat,East,Odisha,6,356.96,2141.77,709.21
HP10698,2025-06-16,Puppy Treats,Treats,Dog,East,Bihar,6,372.39,2234.35,674.55
HP10699,2026-06-07,Cat Treats,Treats,Cat,North,Punjab,6,402.16,2412.94,1044.78
HP10700,2026-02-13,Pet Bed,Accessories,Dog,East,Bihar,6,1645.08,9870.51,3391.99
HP10701,2025-07-30,Cat Litter,Hygiene,Cat,East,Odisha,1,713.67,713.67,286.34
HP10702,2025-08-23,Premium Dog Food,Food,Dog,South,Tamil Nadu,6,1462.24,8773.42,2585.27
HP10703,2025-03-09,Pet Bed,Accessories,Dog,East,Bihar,7,1800.22,12601.56,5005.24
HP10704,2026-04-09,Cat Litter,Hygiene,Cat,East,Bihar,2,702.34,1404.68,546.84
HP10705,2026-04-05,Pet Bed,Accessories,Dog,West,Gujarat,1,1906.97,1906.97,856.47
HP10706,2026-05-25,Flea & Tick Care,Healthcare,Dog,North,Punjab,2,1074.26,2148.51,1029.91
HP10707,2025-01-15,Interactive Cat Toy,Toys,Cat,North,Delhi,4,639.7,2558.8,1095.17
HP10708,2026-01-24,Cat Treats,Treats,Cat,North,Haryana,5,373.35,1866.75,710.21
HP10709,2025-10-23,Chew Toy,Toys,Dog,East,Bihar,7,528.14,3696.95,1625.5
HP10710,2026-06-17,Cat Scratching Post,Accessories,Cat,South,Tamil Nadu,7,1517.25,10620.75,3783.5
HP10711,2025-06-03,Interactive Cat Toy,Toys,Cat,East,Bihar,3,606.36,1819.08,757.01
HP10712,2025-10-20,Premium Dog Food,Food,Dog,South,Telangana,7,1564.81,10953.65,3595.23
HP10713,2025-02-11,Pet Bed,Accessories,Dog,South,Telangana,7,1674.94,11724.57,4096.24
HP10714,2025-01-09,Cat Treats,Treats,Cat,West,Goa,4,432.54,1730.17,804.7
HP10715,2025-05-08,Puppy Treats,Treats,Dog,North,Haryana,3,433.01,1299.02,530.11
HP10716,2025-08-19,Cat Scratching Post,Accessories,Cat,West,Gujarat,2,1851.93,3703.87,1868.66
HP10717,2025-12-09,Premium Dog Food,Food,Dog,West,Goa,3,1751.48,5254.45,1999.84
HP10718,2025-03-04,Cat Litter,Hygiene,Cat,South,Telangana,4,767.85,3071.41,1419.29
HP10719,2025-05-06,Interactive Cat Toy,Toys,Cat,South,Telangana,6,594.89,3569.32,1488.05
HP10720,2026-02-10,Interactive Cat Toy,Toys,Cat,West,Goa,7,752.69,5268.81,2761.25
HP10721,2025-01-03,Grooming Kit,Grooming,Dog,North,Delhi,4,894.07,3576.3,1506.61
HP10722,2025-05-15,Pet Shampoo,Grooming,Dog,North,Delhi,2,613.74,1227.48,562.4
HP10723,2025-10-10,Chew Toy,Toys,Dog,South,Tamil Nadu,5,618.47,3092.34,1580.03
HP10724,2025-07-12,Pet Bed,Accessories,Dog,South,Telangana,2,1713.36,3426.72,1248.72
HP10725,2026-02-02,Pet Bed,Accessories,Dog,South,Tamil Nadu,4,1858.7,7434.78,3178.18
HP10726,2025-04-24,Chew Toy,Toys,Dog,West,Gujarat,5,607.57,3037.83,1575.05
HP10727,2025-10-10,Puppy Treats,Treats,Dog,West,Maharashtra,5,483.28,2416.4,1107.14
HP10728,2025-02-09,Cat Treats,Treats,Cat,West,Maharashtra,2,430.4,860.8,389.5
HP10729,2025-03-04,Cat Scratching Post,Accessories,Cat,North,Delhi,6,1627.17,9763.01,4267.39
HP10730,2025-05-10,Grooming Kit,Grooming,Dog,South,Telangana,3,846.31,2538.92,995.82
HP10731,2026-05-13,Pet Shampoo,Grooming,Dog,North,Delhi,3,614.17,1842.52,837.4
HP10732,2026-05-01,Cat Litter,Hygiene,Cat,North,Delhi,3,827.36,2482.07,1266.7
HP10733,2025-09-18,Puppy Treats,Treats,Dog,West,Maharashtra,7,466.62,3266.37,1484.15
HP10734,2025-07-02,Cat Treats,Treats,Cat,North,Punjab,1,387.61,387.61,151.19
HP10735,2026-02-08,Cat Litter,Hygiene,Cat,East,Odisha,3,680.3,2040.89,751.59
HP10736,2026-05-21,Pet Shampoo,Grooming,Dog,South,Telangana,5,586.03,2930.17,1290.92
HP10737,2026-06-25,Premium Dog Food,Food,Dog,North,Haryana,3,1504.87,4514.62,1444.14
HP10738,2025-07-22,Pet Shampoo,Grooming,Dog,South,Karnataka,7,618.79,4331.55,1974.13
HP10739,2025-12-07,Grooming Kit,Grooming,Dog,East,West Bengal,1,910.11,910.11,400.04
HP10740,2025-11-20,Flea & Tick Care,Healthcare,Dog,South,Tamil Nadu,1,958.37,958.37,401.5
HP10741,2025-08-19,Grooming Kit,Grooming,Dog,North,Haryana,5,963.6,4818.01,2405.84
HP10742,2025-05-12,Premium Dog Food,Food,Dog,South,Karnataka,5,1407.14,7035.7,1687.33
HP10743,2026-06-07,Grooming Kit,Grooming,Dog,West,Goa,7,1011.56,7080.91,3482.3
HP10744,2025-08-13,Cat Litter,Hygiene,Cat,West,Goa,6,866.33,5198.01,2683.01
HP10745,2026-01-05,Premium Cat Food,Food,Cat,East,Odisha,6,1149.73,6898.4,1360.28
HP10746,2025-11-29,Pet Shampoo,Grooming,Dog,West,Goa,2,747.42,1494.84,800.87
HP10747,2025-09-02,Pet Bed,Accessories,Dog,West,Goa,5,1968.62,9843.1,4732.84
HP10748,2025-09-17,Grooming Kit,Grooming,Dog,North,Haryana,6,980.3,5881.79,2895.9
HP10749,2025-01-15,Cat Scratching Post,Accessories,Cat,North,Delhi,6,1718.95,10313.72,4800.62
HP10750,2026-04-16,Premium Cat Food,Food,Cat,North,Haryana,7,1260.39,8822.74,2673.8
HP10751,2026-02-18,Cat Litter,Hygiene,Cat,East,West Bengal,4,725.55,2902.19,1226.94
HP10752,2025-06-04,Chew Toy,Toys,Dog,North,Punjab,2,611.16,1222.31,638.39
HP10753,2025-08-09,Premium Cat Food,Food,Cat,South,Telangana,1,1175.74,1175.74,307.54
HP10754,2025-05-02,Interactive Cat Toy,Toys,Cat,East,Bihar,3,620.17,1860.52,769.23
HP10755,2025-08-07,Cat Scratching Post,Accessories,Cat,West,Goa,5,1872.62,9363.08,4501.96
HP10756,2025-12-04,Chew Toy,Toys,Dog,East,Odisha,1,575.23,575.23,264.14
HP10757,2025-06-02,Cat Scratching Post,Accessories,Cat,West,Maharashtra,7,1703.93,11927.52,5264.32
HP10758,2025-10-16,Grooming Kit,Grooming,Dog,West,Goa,1,1024.4,1024.4,516.47
HP10759,2025-01-06,Premium Dog Food,Food,Dog,South,Karnataka,1,1342.22,1342.22,286.99
HP10760,2025-09-26,Premium Cat Food,Food,Cat,East,Odisha,6,1146.74,6880.45,1578.31
HP10761,2025-02-11,Premium Cat Food,Food,Cat,North,Delhi,3,1233.07,3699.2,1102.85
HP10762,2026-03-07,Premium Dog Food,Food,Dog,East,West Bengal,5,1442.5,7212.52,1837.28
HP10763,2026-04-25,Flea & Tick Care,Healthcare,Dog,North,Punjab,4,947.71,3790.83,1563.22
HP10764,2025-02-13,Cat Treats,Treats,Cat,South,Tamil Nadu,2,383.47,766.95,284.13
HP10765,2025-02-28,Cat Scratching Post,Accessories,Cat,East,Bihar,4,1419.37,5677.49,1809.72
HP10766,2025-03-12,Chew Toy,Toys,Dog,South,Tamil Nadu,3,576.57,1729.7,820.75
HP10767,2026-03-05,Cat Scratching Post,Accessories,Cat,East,Odisha,3,1527.18,4581.54,1779.35
HP10768,2026-06-23,Premium Dog Food,Food,Dog,East,Odisha,1,1412.16,1412.16,380.38
HP10769,2025-10-08,Chew Toy,Toys,Dog,East,Bihar,5,561.98,2809.89,1254.79
HP10770,2025-12-15,Cat Litter,Hygiene,Cat,West,Gujarat,5,837.89,4189.43,2125.83
HP10771,2026-05-28,Pet Bed,Accessories,Dog,South,Tamil Nadu,3,1733.22,5199.67,2023.5
HP10772,2025-03-20,Cat Treats,Treats,Cat,West,Maharashtra,4,423.94,1695.77,787.25
HP10773,2026-04-30,Premium Dog Food,Food,Dog,North,Punjab,5,1470.29,7351.45,1912.77
HP10774,2025-01-03,Pet Bed,Accessories,Dog,East,West Bengal,2,1706.17,3412.34,1317.88
HP10775,2025-03-31,Premium Cat Food,Food,Cat,North,Punjab,1,1220.93,1220.93,285.0
HP10776,2025-03-26,Cat Scratching Post,Accessories,Cat,North,Punjab,7,1584.21,11089.44,4482.75
HP10777,2025-09-13,Chew Toy,Toys,Dog,West,Goa,5,590.54,2952.71,1395.78
HP10778,2025-02-17,Puppy Treats,Treats,Dog,West,Maharashtra,6,484.73,2908.38,1378.98
HP10779,2025-09-21,Pet Bed,Accessories,Dog,East,West Bengal,4,1680.21,6720.82,2378.15
HP10780,2025-01-21,Flea & Tick Care,Healthcare,Dog,South,Tamil Nadu,3,904.08,2712.24,1073.6
HP10781,2026-02-19,Interactive Cat Toy,Toys,Cat,West,Maharashtra,5,705.41,3527.04,1745.13
HP10782,2025-09-08,Pet Bed,Accessories,Dog,West,Goa,7,1958.62,13710.37,6172.28
HP10783,2026-03-21,Premium Cat Food,Food,Cat,South,Tamil Nadu,7,1202.73,8419.11,2171.57
HP10784,2026-05-18,Puppy Treats,Treats,Dog,East,West Bengal,4,400.63,1602.51,568.29
HP10785,2025-04-06,Interactive Cat Toy,Toys,Cat,West,Maharashtra,3,749.51,2248.52,1193.8
HP10786,2026-02-12,Cat Treats,Treats,Cat,East,Odisha,6,332.98,1997.88,541.63
HP10787,2025-05-09,Cat Scratching Post,Accessories,Cat,East,Odisha,4,1420.58,5682.34,1883.22
HP10788,2025-06-08,Premium Dog Food,Food,Dog,South,Karnataka,5,1420.48,7102.38,2023.23
HP10789,2026-03-24,Chew Toy,Toys,Dog,North,Delhi,2,581.91,1163.82,579.29
HP10790,2026-02-10,Puppy Treats,Treats,Dog,North,Haryana,1,463.06,463.06,207.32
HP10791,2025-12-11,Premium Cat Food,Food,Cat,West,Gujarat,7,1508.14,10556.95,4474.21
HP10792,2025-03-14,Premium Dog Food,Food,Dog,West,Gujarat,7,1467.28,10270.96,2982.13
HP10793,2025-03-12,Chew Toy,Toys,Dog,North,Delhi,5,551.3,2756.51,1275.13
HP10794,2025-12-29,Chew Toy,Toys,Dog,South,Karnataka,2,575.79,1151.59,568.71
HP10795,2026-06-26,Cat Scratching Post,Accessories,Cat,North,Haryana,4,1632.8,6531.21,2860.0
HP10796,2025-12-23,Cat Scratching Post,Accessories,Cat,North,Delhi,1,1851.35,1851.35,889.81
HP10797,2025-01-29,Chew Toy,Toys,Dog,South,Karnataka,5,516.08,2580.4,1095.75
HP10798,2025-03-15,Puppy Treats,Treats,Dog,North,Delhi,4,471.08,1884.3,803.01
HP10799,2026-01-29,Cat Litter,Hygiene,Cat,South,Telangana,1,714.25,714.25,303.07
HP10800,2026-04-08,Puppy Treats,Treats,Dog,North,Delhi,4,425.59,1702.38,688.97
HP10801,2026-05-31,Cat Scratching Post,Accessories,Cat,South,Telangana,6,1549.99,9299.91,3582.41
HP10802,2026-03-12,Pet Bed,Accessories,Dog,South,Karnataka,2,1668.48,3336.97,1218.11
HP10803,2025-04-14,Cat Treats,Treats,Cat,North,Delhi,7,366.3,2564.12,910.55
HP10804,2026-03-20,Cat Treats,Treats,Cat,North,Punjab,4,369.13,1476.53,519.89
HP10805,2025-08-16,Cat Litter,Hygiene,Cat,North,Delhi,3,830.22,2490.65,1200.76
HP10806,2026-01-16,Cat Treats,Treats,Cat,East,Bihar,5,352.27,1761.35,548.27
HP10807,2026-02-26,Chew Toy,Toys,Dog,South,Tamil Nadu,5,542.98,2714.9,1260.01
HP10808,2026-03-25,Premium Dog Food,Food,Dog,South,Tamil Nadu,6,1393.45,8360.72,1898.66
HP10809,2026-01-15,Cat Litter,Hygiene,Cat,West,Gujarat,1,865.03,865.03,445.69
HP10810,2025-07-06,Pet Bed,Accessories,Dog,North,Delhi,2,1832.08,3664.16,1527.62
HP10811,2025-04-08,Interactive Cat Toy,Toys,Cat,East,Bihar,4,599.53,2398.11,920.31
HP10812,2025-06-19,Cat Treats,Treats,Cat,South,Telangana,7,366.15,2563.05,878.56
HP10813,2026-02-16,Interactive Cat Toy,Toys,Cat,East,Bihar,2,612.83,1225.66,527.62
HP10814,2026-02-07,Premium Cat Food,Food,Cat,South,Telangana,5,1305.38,6526.89,2141.72
HP10815,2025-11-25,Pet Shampoo,Grooming,Dog,East,Odisha,3,590.33,1770.98,789.41
HP10816,2025-08-26,Pet Shampoo,Grooming,Dog,East,Odisha,5,544.89,2724.43,1031.14
HP10817,2025-06-10,Puppy Treats,Treats,Dog,South,Tamil Nadu,6,399.06,2394.39,829.38
HP10818,2025-01-13,Cat Litter,Hygiene,Cat,East,Bihar,5,649.87,3249.37,1203.44
HP10819,2025-11-10,Interactive Cat Toy,Toys,Cat,West,Maharashtra,6,720.13,4320.75,2209.26
HP10820,2025-03-23,Puppy Treats,Treats,Dog,East,West Bengal,5,402.27,2011.36,669.22
HP10821,2025-08-28,Interactive Cat Toy,Toys,Cat,East,West Bengal,4,585.72,2342.88,855.95
HP10822,2025-01-28,Grooming Kit,Grooming,Dog,East,West Bengal,6,892.62,5355.72,2351.26
HP10823,2026-05-02,Cat Treats,Treats,Cat,West,Maharashtra,6,410.42,2462.52,1022.31
HP10824,2025-07-13,Cat Treats,Treats,Cat,East,West Bengal,7,343.11,2401.76,758.92
HP10825,2025-11-22,Grooming Kit,Grooming,Dog,West,Goa,7,1030.49,7213.4,3574.38
HP10826,2026-03-16,Cat Scratching Post,Accessories,Cat,East,West Bengal,4,1607.77,6431.08,2506.86
HP10827,2025-01-28,Cat Scratching Post,Accessories,Cat,East,Bihar,3,1537.04,4611.11,1758.99
HP10828,2025-02-13,Chew Toy,Toys,Dog,South,Karnataka,6,557.05,3342.29,1499.7
HP10829,2026-03-11,Cat Scratching Post,Accessories,Cat,East,Odisha,1,1505.77,1505.77,557.72
HP10830,2025-02-23,Interactive Cat Toy,Toys,Cat,North,Delhi,5,668.98,3344.9,1557.04
HP10831,2025-06-30,Flea & Tick Care,Healthcare,Dog,East,West Bengal,4,907.61,3630.43,1375.93
HP10832,2025-01-21,Premium Dog Food,Food,Dog,West,Maharashtra,1,1553.7,1553.7,528.28
HP10833,2025-10-15,Cat Scratching Post,Accessories,Cat,South,Tamil Nadu,7,1717.4,12021.81,5297.99
HP10834,2026-06-25,Premium Dog Food,Food,Dog,North,Delhi,3,1516.8,4550.41,1410.6
HP10835,2025-06-14,Cat Litter,Hygiene,Cat,East,Bihar,7,674.63,4722.4,1714.42
HP10836,2025-10-31,Premium Cat Food,Food,Cat,East,Odisha,7,1286.43,9005.03,2504.03
HP10837,2026-04-27,Puppy Treats,Treats,Dog,North,Haryana,5,435.7,2178.52,834.96
HP10838,2026-05-15,Flea & Tick Care,Healthcare,Dog,North,Haryana,1,949.02,949.02,389.32
HP10839,2026-06-28,Puppy Treats,Treats,Dog,West,Maharashtra,4,477.98,1911.91,890.23
HP10840,2025-02-23,Flea & Tick Care,Healthcare,Dog,North,Punjab,7,966.2,6763.42,2968.12
HP10841,2026-04-08,Grooming Kit,Grooming,Dog,West,Maharashtra,1,989.8,989.8,479.95
HP10842,2026-01-07,Cat Litter,Hygiene,Cat,North,Haryana,1,773.61,773.61,363.61
HP10843,2025-02-06,Pet Shampoo,Grooming,Dog,South,Telangana,4,570.02,2280.1,912.75
HP10844,2025-07-04,Premium Cat Food,Food,Cat,East,West Bengal,1,1251.02,1251.02,337.73
HP10845,2026-02-12,Interactive Cat Toy,Toys,Cat,North,Delhi,3,638.45,1915.34,859.67
HP10846,2026-04-30,Pet Bed,Accessories,Dog,East,Bihar,2,1689.18,3378.35,1319.38
HP10847,2025-09-14,Grooming Kit,Grooming,Dog,North,Haryana,6,976.88,5861.3,2965.19
HP10848,2026-03-17,Pet Bed,Accessories,Dog,South,Karnataka,7,1774.44,12421.1,4979.78
HP10849,2025-03-15,Cat Scratching Post,Accessories,Cat,West,Goa,4,1784.51,7138.03,3271.75
HP10850,2025-06-20,Interactive Cat Toy,Toys,Cat,West,Maharashtra,1,667.83,667.83,299.18
HP10851,2025-03-25,Cat Treats,Treats,Cat,North,Punjab,2,397.14,794.29,311.27
HP10852,2025-11-03,Grooming Kit,Grooming,Dog,North,Delhi,4,1084.66,4338.66,2374.01
HP10853,2025-08-26,Pet Bed,Accessories,Dog,West,Goa,2,2042.58,4085.17,1953.94
HP10854,2025-09-29,Grooming Kit,Grooming,Dog,South,Tamil Nadu,6,923.36,5540.16,2478.49
HP10855,2025-03-11,Pet Bed,Accessories,Dog,South,Telangana,6,1866.31,11197.84,5043.19
HP10856,2026-05-28,Cat Litter,Hygiene,Cat,South,Karnataka,6,710.2,4261.19,1700.87
HP10857,2025-03-12,Flea & Tick Care,Healthcare,Dog,South,Karnataka,5,903.51,4517.54,1628.7
HP10858,2026-06-29,Flea & Tick Care,Healthcare,Dog,West,Maharashtra,2,1142.1,2284.21,1154.82
HP10859,2025-04-17,Puppy Treats,Treats,Dog,North,Delhi,1,443.08,443.08,176.64
HP10860,2025-04-06,Chew Toy,Toys,Dog,South,Tamil Nadu,5,541.85,2709.25,1186.68
HP10861,2025-04-13,Pet Shampoo,Grooming,Dog,East,Odisha,7,562.79,3939.52,1652.4
HP10862,2025-04-09,Puppy Treats,Treats,Dog,East,West Bengal,3,418.1,1254.29,466.34
HP10863,2025-05-08,Premium Dog Food,Food,Dog,West,Gujarat,2,1646.11,3292.23,1275.71
HP10864,2026-03-21,Interactive Cat Toy,Toys,Cat,West,Gujarat,6,741.72,4450.32,2308.13
HP10865,2025-01-23,Cat Scratching Post,Accessories,Cat,East,Bihar,5,1426.2,7131.02,2494.43
HP10866,2025-01-10,Cat Litter,Hygiene,Cat,North,Punjab,6,822.44,4934.63,2329.89
HP10867,2025-06-26,Flea & Tick Care,Healthcare,Dog,West,Maharashtra,1,1054.01,1054.01,478.76
HP10868,2026-06-06,Grooming Kit,Grooming,Dog,North,Delhi,1,937.69,937.69,425.22
HP10869,2026-01-08,Cat Litter,Hygiene,Cat,North,Delhi,4,746.84,2987.36,1276.42
HP10870,2025-09-06,Chew Toy,Toys,Dog,West,Goa,7,595.86,4171.03,2015.2
HP10871,2026-01-15,Pet Bed,Accessories,Dog,North,Delhi,5,1737.8,8689.0,3274.16
HP10872,2025-10-09,Puppy Treats,Treats,Dog,West,Goa,3,488.8,1466.41,671.33
HP10873,2026-05-24,Grooming Kit,Grooming,Dog,East,West Bengal,5,901.12,4505.61,1956.67
HP10874,2026-03-03,Cat Scratching Post,Accessories,Cat,South,Karnataka,5,1525.57,7627.87,2903.72
HP10875,2025-08-10,Premium Dog Food,Food,Dog,North,Delhi,4,1427.32,5709.3,1478.88
HP10876,2026-02-03,Puppy Treats,Treats,Dog,West,Maharashtra,2,482.36,964.72,464.43
HP10877,2025-06-13,Flea & Tick Care,Healthcare,Dog,South,Tamil Nadu,2,956.04,1912.07,761.43
HP10878,2025-10-09,Pet Bed,Accessories,Dog,South,Telangana,2,1972.22,3944.45,1830.67
HP10879,2025-05-25,Pet Bed,Accessories,Dog,West,Maharashtra,4,1991.71,7966.85,3814.11
HP10880,2025-08-30,Pet Bed,Accessories,Dog,North,Punjab,6,1769.27,10615.61,4175.34
HP10881,2025-10-06,Grooming Kit,Grooming,Dog,West,Goa,1,1011.66,1011.66,512.92
HP10882,2025-09-17,Cat Litter,Hygiene,Cat,West,Gujarat,3,858.6,2575.81,1349.74
HP10883,2026-01-25,Interactive Cat Toy,Toys,Cat,North,Punjab,6,638.21,3829.29,1711.27
HP10884,2026-05-28,Flea & Tick Care,Healthcare,Dog,East,Bihar,1,838.81,838.81,278.34
HP10885,2025-10-08,Cat Treats,Treats,Cat,North,Delhi,5,408.27,2041.35,857.69
HP10886,2025-11-07,Cat Treats,Treats,Cat,North,Punjab,1,408.85,408.85,182.69
HP10887,2026-03-14,Flea & Tick Care,Healthcare,Dog,West,Maharashtra,6,1036.72,6220.35,2839.96
HP10888,2025-07-29,Premium Dog Food,Food,Dog,West,Gujarat,2,1514.98,3029.97,963.27
HP10889,2025-03-25,Interactive Cat Toy,Toys,Cat,South,Karnataka,7,678.99,4752.93,2311.63
HP10890,2025-09-27,Cat Litter,Hygiene,Cat,South,Tamil Nadu,4,741.44,2965.74,1350.22
HP10891,2025-11-27,Premium Cat Food,Food,Cat,West,Goa,5,1495.43,7477.15,2967.08
HP10892,2026-01-02,Puppy Treats,Treats,Dog,North,Punjab,5,405.0,2024.98,691.24
HP10893,2025-07-15,Grooming Kit,Grooming,Dog,South,Tamil Nadu,3,948.24,2844.71,1383.72
HP10894,2025-07-17,Cat Litter,Hygiene,Cat,North,Delhi,5,841.39,4206.94,2151.38
HP10895,2025-01-11,Premium Cat Food,Food,Cat,South,Telangana,5,1134.94,5674.69,1176.25
HP10896,2026-05-06,Premium Cat Food,Food,Cat,East,Odisha,2,1223.6,2447.2,579.5
HP10897,2026-04-20,Interactive Cat Toy,Toys,Cat,East,Odisha,6,579.5,3476.98,1254.0
HP10898,2025-04-08,Cat Scratching Post,Accessories,Cat,West,Maharashtra,1,1721.66,1721.66,769.11
HP10899,2025-04-26,Flea & Tick Care,Healthcare,Dog,West,Gujarat,7,991.88,6943.18,3094.88
HP10900,2025-01-14,Premium Dog Food,Food,Dog,South,Tamil Nadu,4,1501.98,6007.94,1717.03
HP10901,2026-02-26,Interactive Cat Toy,Toys,Cat,South,Karnataka,5,632.96,3164.82,1418.0
HP10902,2026-04-15,Interactive Cat Toy,Toys,Cat,South,Tamil Nadu,2,663.12,1326.25,616.53
HP10903,2026-04-15,Pet Shampoo,Grooming,Dog,East,Odisha,7,541.73,3792.1,1485.54
HP10904,2026-04-18,Puppy Treats,Treats,Dog,South,Karnataka,3,428.93,1286.8,522.69
HP10905,2026-06-08,Grooming Kit,Grooming,Dog,South,Karnataka,6,931.47,5588.83,2532.83
HP10906,2026-06-12,Premium Dog Food,Food,Dog,West,Gujarat,5,1499.44,7497.21,2225.9
HP10907,2025-11-30,Grooming Kit,Grooming,Dog,South,Telangana,5,949.74,4748.69,2248.06
HP10908,2025-08-17,Premium Cat Food,Food,Cat,East,West Bengal,7,1095.81,7670.64,1438.13
HP10909,2025-08-14,Flea & Tick Care,Healthcare,Dog,North,Delhi,7,1018.14,7126.95,3252.26
HP10910,2025-04-23,Pet Bed,Accessories,Dog,West,Maharashtra,2,2014.2,4028.41,1964.74
HP10911,2025-05-09,Puppy Treats,Treats,Dog,East,West Bengal,1,401.58,401.58,146.78
HP10912,2025-10-10,Premium Cat Food,Food,Cat,West,Goa,6,1347.07,8082.43,2594.41
HP10913,2025-01-06,Cat Scratching Post,Accessories,Cat,North,Haryana,2,1802.08,3604.16,1755.78
HP10914,2025-04-26,Pet Bed,Accessories,Dog,West,Gujarat,1,1960.72,1960.72,904.35
HP10915,2026-03-28,Pet Bed,Accessories,Dog,West,Maharashtra,2,1901.76,3803.52,1644.94
HP10916,2026-05-16,Cat Litter,Hygiene,Cat,West,Maharashtra,1,808.6,808.6,402.87
HP10917,2026-06-01,Grooming Kit,Grooming,Dog,West,Goa,6,1046.85,6281.08,3239.79
HP10918,2025-08-21,Pet Bed,Accessories,Dog,South,Telangana,7,1804.57,12632.02,5056.49
HP10919,2026-06-15,Cat Litter,Hygiene,Cat,South,Karnataka,6,700.04,4200.24,1738.43
HP10920,2025-04-28,Premium Cat Food,Food,Cat,South,Telangana,2,1191.97,2383.93,598.71
HP10921,2025-12-18,Interactive Cat Toy,Toys,Cat,West,Gujarat,7,776.56,5435.93,2875.63
HP10922,2026-05-04,Grooming Kit,Grooming,Dog,West,Maharashtra,2,910.78,1821.57,783.71
HP10923,2025-02-10,Premium Cat Food,Food,Cat,South,Telangana,5,1218.54,6092.68,1656.35
HP10924,2025-09-17,Pet Bed,Accessories,Dog,North,Delhi,4,1856.0,7424.02,3219.92
HP10925,2026-02-16,Cat Treats,Treats,Cat,West,Maharashtra,5,436.64,2183.2,1044.93
HP10926,2026-04-20,Cat Scratching Post,Accessories,Cat,West,Gujarat,3,1695.08,5085.24,2288.81
HP10927,2025-12-07,Chew Toy,Toys,Dog,South,Karnataka,3,560.82,1682.45,771.76
HP10928,2025-02-06,Flea & Tick Care,Healthcare,Dog,South,Karnataka,5,910.59,4552.95,1815.46
HP10929,2025-01-09,Pet Bed,Accessories,Dog,North,Delhi,4,1733.91,6935.64,2811.93
HP10930,2025-04-15,Pet Bed,Accessories,Dog,West,Goa,2,1884.9,3769.81,1675.9
HP10931,2025-09-04,Puppy Treats,Treats,Dog,West,Goa,1,426.34,426.34,168.08
HP10932,2025-03-02,Pet Shampoo,Grooming,Dog,West,Goa,1,677.56,677.56,346.93
HP10933,2025-08-11,Cat Treats,Treats,Cat,West,Goa,4,383.02,1532.09,586.13
HP10934,2026-05-28,Premium Cat Food,Food,Cat,West,Gujarat,3,1430.98,4292.93,1641.81
HP10935,2026-06-26,Grooming Kit,Grooming,Dog,South,Karnataka,1,851.13,851.13,344.72
HP10936,2025-08-12,Grooming Kit,Grooming,Dog,North,Delhi,1,872.73,872.73,357.75
HP10937,2025-07-06,Grooming Kit,Grooming,Dog,North,Haryana,6,971.52,5829.1,2709.84
HP10938,2025-06-03,Cat Treats,Treats,Cat,South,Tamil Nadu,4,393.65,1574.58,617.39
HP10939,2025-08-20,Premium Dog Food,Food,Dog,North,Punjab,6,1593.54,9561.24,3311.67
HP10940,2025-04-02,Chew Toy,Toys,Dog,South,Telangana,4,541.15,2164.59,938.12
HP10941,2026-02-21,Interactive Cat Toy,Toys,Cat,South,Telangana,3,624.12,1872.35,823.98
HP10942,2025-10-01,Cat Litter,Hygiene,Cat,North,Delhi,3,797.57,2392.7,1148.18
HP10943,2025-05-24,Interactive Cat Toy,Toys,Cat,North,Haryana,5,719.39,3596.96,1787.32
HP10944,2025-08-18,Premium Dog Food,Food,Dog,South,Karnataka,5,1422.5,7112.52,2010.1
HP10945,2026-02-12,Interactive Cat Toy,Toys,Cat,East,Odisha,2,615.38,1230.75,535.51
HP10946,2025-05-17,Pet Shampoo,Grooming,Dog,West,Gujarat,2,680.87,1361.74,686.63
HP10947,2025-03-09,Premium Cat Food,Food,Cat,West,Maharashtra,3,1293.12,3879.37,1090.96
HP10948,2025-04-12,Chew Toy,Toys,Dog,East,Bihar,1,481.32,481.32,178.0
HP10949,2025-09-06,Cat Scratching Post,Accessories,Cat,North,Delhi,6,1657.22,9943.34,4438.7
HP10950,2025-11-15,Puppy Treats,Treats,Dog,South,Karnataka,5,470.76,2353.82,1094.3
HP10951,2025-01-17,Flea & Tick Care,Healthcare,Dog,East,West Bengal,3,908.85,2726.56,989.56
HP10952,2025-12-12,Puppy Treats,Treats,Dog,South,Tamil Nadu,7,413.6,2895.23,1012.31
HP10953,2025-09-20,Cat Treats,Treats,Cat,South,Tamil Nadu,7,372.84,2609.85,972.96
HP10954,2025-02-16,Grooming Kit,Grooming,Dog,East,West Bengal,4,798.75,3194.98,1161.47
HP10955,2025-12-20,Premium Dog Food,Food,Dog,South,Tamil Nadu,1,1521.56,1521.56,513.05
HP10956,2025-09-13,Pet Shampoo,Grooming,Dog,South,Karnataka,1,585.79,585.79,241.56
HP10957,2026-05-20,Pet Bed,Accessories,Dog,West,Maharashtra,7,1970.53,13793.74,6169.18
HP10958,2026-01-24,Flea & Tick Care,Healthcare,Dog,South,Telangana,6,904.59,5427.56,2017.96
HP10959,2026-02-16,Interactive Cat Toy,Toys,Cat,North,Punjab,2,725.25,1450.51,741.12
HP10960,2025-09-01,Puppy Treats,Treats,Dog,North,Delhi,4,460.75,1842.99,781.52
HP10961,2025-08-25,Pet Bed,Accessories,Dog,North,Punjab,1,1860.81,1860.81,784.37
HP10962,2026-02-03,Flea & Tick Care,Healthcare,Dog,South,Telangana,5,950.6,4753.02,1935.32
HP10963,2026-04-18,Puppy Treats,Treats,Dog,East,Odisha,4,418.14,1672.55,638.53
HP10964,2026-01-29,Premium Dog Food,Food,Dog,North,Delhi,4,1517.79,6071.16,1853.56
HP10965,2025-09-16,Chew Toy,Toys,Dog,South,Telangana,5,556.6,2782.98,1293.63
HP10966,2026-06-16,Cat Treats,Treats,Cat,North,Punjab,3,413.34,1240.01,511.94
HP10967,2025-01-23,Puppy Treats,Treats,Dog,South,Tamil Nadu,5,427.42,2137.08,854.53
HP10968,2025-08-08,Grooming Kit,Grooming,Dog,North,Haryana,1,879.54,879.54,393.3
HP10969,2025-12-20,Premium Dog Food,Food,Dog,South,Telangana,2,1517.26,3034.53,952.2
HP10970,2025-03-06,Premium Dog Food,Food,Dog,North,Delhi,5,1420.32,7101.6,1735.92
HP10971,2025-02-10,Premium Dog Food,Food,Dog,West,Maharashtra,6,1472.12,8832.73,2741.01
HP10972,2026-01-11,Premium Cat Food,Food,Cat,South,Telangana,5,1131.56,5657.8,1237.46
HP10973,2025-06-05,Pet Shampoo,Grooming,Dog,West,Gujarat,2,699.08,1398.17,709.34
HP10974,2025-08-06,Cat Litter,Hygiene,Cat,South,Karnataka,2,728.24,1456.48,607.39
HP10975,2025-10-12,Chew Toy,Toys,Dog,North,Punjab,5,626.11,3130.55,1628.23
HP10976,2025-11-10,Cat Treats,Treats,Cat,North,Punjab,5,419.13,2095.67,933.5
HP10977,2026-02-20,Cat Scratching Post,Accessories,Cat,East,West Bengal,5,1495.29,7476.45,2589.71
HP10978,2025-03-01,Premium Cat Food,Food,Cat,North,Haryana,5,1277.92,6389.59,1709.69
HP10979,2025-09-16,Cat Treats,Treats,Cat,South,Karnataka,4,358.62,1434.48,480.04
HP10980,2026-06-24,Puppy Treats,Treats,Dog,North,Punjab,4,463.97,1855.89,791.56
HP10981,2026-05-02,Grooming Kit,Grooming,Dog,South,Tamil Nadu,2,935.4,1870.79,853.98
HP10982,2025-10-07,Flea & Tick Care,Healthcare,Dog,West,Gujarat,1,1176.45,1176.45,629.14
HP10983,2025-01-22,Pet Shampoo,Grooming,Dog,South,Karnataka,3,650.49,1951.47,945.83
HP10984,2025-03-07,Premium Dog Food,Food,Dog,West,Goa,5,1671.34,8356.68,3145.35
HP10985,2026-02-02,Flea & Tick Care,Healthcare,Dog,North,Punjab,2,1081.13,2162.26,1044.56
HP10986,2025-12-25,Puppy Treats,Treats,Dog,North,Punjab,4,488.1,1952.39,930.14
HP10987,2025-12-28,Pet Bed,Accessories,Dog,East,Bihar,6,1735.87,10415.2,4049.16
HP10988,2026-04-25,Cat Scratching Post,Accessories,Cat,South,Karnataka,6,1651.07,9906.39,4348.73
HP10989,2025-05-14,Chew Toy,Toys,Dog,North,Haryana,5,616.28,3081.4,1577.62
HP10990,2025-09-16,Pet Bed,Accessories,Dog,East,Bihar,6,1715.67,10294.05,3897.72
HP10991,2025-12-04,Pet Bed,Accessories,Dog,West,Maharashtra,2,2260.98,4521.96,2467.69
HP10992,2025-10-12,Flea & Tick Care,Healthcare,Dog,West,Maharashtra,2,1117.63,2235.26,1096.03
HP10993,2025-02-05,Puppy Treats,Treats,Dog,North,Delhi,4,418.89,1675.55,657.54
HP10994,2025-01-11,Chew Toy,Toys,Dog,South,Karnataka,3,498.57,1495.7,586.97
HP10995,2025-04-03,Pet Bed,Accessories,Dog,North,Punjab,3,1983.66,5950.99,2780.28
HP10996,2025-10-08,Chew Toy,Toys,Dog,South,Tamil Nadu,2,611.17,1222.34,602.46
HP10997,2025-12-21,Premium Cat Food,Food,Cat,North,Haryana,3,1327.76,3983.29,1324.93
HP10998,2025-10-30,Puppy Treats,Treats,Dog,East,West Bengal,2,450.16,900.31,396.82
HP10999,2025-05-26,Interactive Cat Toy,Toys,Cat,West,Maharashtra,5,685.75,3428.77,1615.02
HP11000,2026-06-08,Cat Treats,Treats,Cat,North,Delhi,4,385.92,1543.67,595.0
